banco,periodo,total_abonos_pdf,total_cargos_pdf,total_abonos_app,total_cargos_app,diferencias,n_ok,n_corregir,n_falta,n_sobra,n_duda,n_ya_auditado_2026,cuadre_pdf
BBVA_DEB,(sin PDF),0.00,0.00,10507.58,500.00,abonos +10507.58 / cargos +500.00,0,0,0,0,2,0,sin PDF
BBVA_DEB,2021-12-07 al 2022-01-06,63878.44,61979.64,41686.02,41065.00,abonos +0.00 / cargos +0.00,7,0,0,0,0,0,OK
BBVA_DEB,2022-01-07 al 2022-02-06,22625.07,10751.70,22625.07,10751.70,abonos +0.00 / cargos +0.00,42,0,0,0,0,0,OK
BBVA_DEB,2022-02-07 al 2022-03-06,11832.53,12078.95,11832.53,12078.95,abonos +0.00 / cargos +0.00,27,0,0,0,0,0,OK
BBVA_DEB,2022-03-07 al 2022-04-06,29281.42,14754.76,29281.42,14754.76,abonos +0.00 / cargos +0.00,51,0,0,0,0,0,OK
BBVA_DEB,2022-04-07 al 2022-05-06,28304.47,21396.86,28304.47,21396.86,abonos +0.00 / cargos +0.00,55,0,0,0,0,0,OK
BBVA_DEB,2022-05-07 al 2022-06-06,14268.22,17002.73,14268.22,17002.73,abonos +0.00 / cargos +0.00,39,0,0,0,0,0,OK
BBVA_DEB,2022-06-07 al 2022-07-06,15689.35,25249.76,15689.35,25249.76,abonos +0.00 / cargos +0.00,34,2,0,0,0,0,OK
BBVA_DEB,2022-07-07 al 2022-08-06,17168.67,29711.45,17168.67,29711.45,abonos +0.00 / cargos +0.00,29,0,0,0,0,0,OK
BBVA_DEB,2022-08-07 al 2022-09-06,16212.65,15961.95,16212.65,15961.95,abonos +0.00 / cargos +0.00,33,0,0,0,0,0,OK
BBVA_DEB,2022-09-07 al 2022-10-06,15282.08,17499.66,15282.08,17499.66,abonos +0.00 / cargos +0.00,41,0,0,0,0,0,OK
BBVA_DEB,2022-10-07 al 2022-11-06,24969.15,30000.87,24969.15,30000.87,abonos +0.00 / cargos +0.00,35,0,0,0,0,0,OK
BBVA_DEB,2022-11-07 al 2022-12-06,39460.50,32420.82,39460.50,32420.82,abonos +0.00 / cargos +0.00,36,0,0,0,0,0,OK
BBVA_DEB,2022-12-07 al 2023-01-06,87167.07,39512.12,87167.07,39512.12,abonos +0.00 / cargos +0.00,38,0,0,0,0,0,OK
BBVA_DEB,2023-01-07 al 2023-02-06,100548.45,149542.26,100548.45,149542.26,abonos +0.00 / cargos +0.00,31,0,0,0,0,0,OK
BBVA_DEB,2023-02-07 al 2023-03-06,26751.04,18807.00,26751.04,18807.00,abonos +0.00 / cargos +0.00,23,0,0,0,0,0,OK
BBVA_DEB,2023-03-07 al 2023-04-06,31719.63,45856.68,31719.63,45856.68,abonos +0.00 / cargos +0.00,26,0,0,0,0,0,OK
BBVA_DEB,2023-04-07 al 2023-05-06,28963.96,36659.53,28963.96,36659.53,abonos +0.00 / cargos +0.00,23,0,0,0,0,0,OK
BBVA_DEB,2023-05-07 al 2023-06-06,50109.67,48286.60,50109.67,48286.60,abonos +0.00 / cargos +0.00,33,0,0,0,0,0,OK
BBVA_DEB,2023-06-07 al 2023-07-06,47440.52,39462.37,47080.52,39822.37,abonos -360.00 / cargos +360.00,30,1,0,0,0,0,OK
BBVA_DEB,2023-07-07 al 2023-08-06,32564.50,34641.23,32564.50,34641.23,abonos +0.00 / cargos +0.00,29,0,0,0,0,0,OK
BBVA_DEB,2023-08-07 al 2023-09-06,32968.23,36045.62,32968.23,36045.62,abonos +0.00 / cargos +0.00,25,0,0,0,0,0,OK
BBVA_DEB,2023-09-07 al 2023-10-06,59467.48,47520.39,59467.48,47520.39,abonos +0.00 / cargos +0.00,32,0,0,0,0,0,OK
BBVA_DEB,2023-10-07 al 2023-11-06,39365.31,52407.30,39365.31,52407.30,abonos +0.00 / cargos +0.00,38,0,0,0,0,0,OK
BBVA_DEB,2023-11-07 al 2023-12-06,39559.74,29377.63,39559.74,29377.63,abonos +0.00 / cargos +0.00,22,0,0,0,0,0,OK
BBVA_DEB,2023-12-07 al 2024-01-06,115337.78,32588.59,115337.78,32588.59,abonos +0.00 / cargos +0.00,42,0,0,0,0,0,OK
BBVA_DEB,2024-01-07 al 2024-02-06,53394.65,119390.60,56580.65,116204.60,abonos +3186.00 / cargos -3186.00,31,2,0,0,0,0,OK
BBVA_DEB,2024-02-07 al 2024-03-06,19101.82,31499.95,19101.82,31499.95,abonos +0.00 / cargos +0.00,20,0,0,0,0,0,OK
BBVA_DEB,2024-03-07 al 2024-04-06,36372.12,43476.66,36372.12,43476.66,abonos +0.00 / cargos +0.00,21,0,0,0,0,0,OK
BBVA_DEB,2024-04-07 al 2024-05-06,32313.31,42830.61,32313.31,41330.61,abonos +0.00 / cargos -1500.00,33,0,1,0,0,0,OK
BBVA_DEB,2024-05-07 al 2024-06-06,70271.40,61493.48,70271.40,61493.48,abonos +0.00 / cargos +0.00,41,0,0,0,0,0,OK
BBVA_DEB,2024-06-07 al 2024-07-06,34437.87,40544.20,34437.87,40544.20,abonos +0.00 / cargos +0.00,37,0,0,0,0,0,OK
BBVA_DEB,2024-07-07 al 2024-08-06,39924.66,40020.41,39924.66,40020.41,abonos +0.00 / cargos +0.00,51,0,0,0,0,0,OK
BBVA_DEB,2024-08-07 al 2024-09-06,61941.99,55483.01,61941.99,55483.01,abonos +0.00 / cargos +0.00,58,0,0,0,0,0,OK
BBVA_DEB,2024-09-07 al 2024-10-06,71245.49,65056.16,43523.99,80572.39,abonos -27721.50 / cargos +15516.23,43,8,1,0,0,0,OK
BBVA_DEB,2024-10-07 al 2024-11-06,73382.52,75902.72,72676.52,65608.72,abonos -706.00 / cargos -10294.00,46,5,1,1,0,0,OK
BBVA_DEB,2024-11-07 al 2024-12-06,44209.30,45466.21,44018.30,45507.21,abonos -191.00 / cargos +41.00,28,4,1,0,0,0,OK
BBVA_DEB,2024-12-07 al 2025-01-06,44647.93,29997.15,44097.93,29997.15,abonos -550.00 / cargos +0.00,31,0,2,0,0,0,OK
BBVA_DEB,2025-01-07 al 2025-02-06,137232.52,126418.17,137232.52,126138.17,abonos +0.00 / cargos -280.00,35,0,1,0,0,0,OK
BBVA_DEB,2025-02-07 al 2025-03-06,32931.53,64001.33,32931.53,64001.33,abonos +0.00 / cargos +0.00,23,0,0,0,0,0,OK
BBVA_DEB,2025-03-07 al 2025-04-06,45689.07,38288.22,42268.57,41608.72,abonos -3420.50 / cargos +3320.50,30,3,1,0,0,0,OK
BBVA_DEB,2025-04-07 al 2025-05-06,47652.02,43333.00,40454.02,47716.00,abonos -7198.00 / cargos +4383.00,32,7,4,0,0,0,OK
BBVA_DEB,2025-05-07 al 2025-06-06,53103.89,59002.94,52988.39,59088.44,abonos -115.50 / cargos +85.50,34,1,1,0,0,0,OK
BBVA_DEB,2025-06-07 al 2025-07-06,84653.29,95308.26,83163.29,95698.26,abonos -1490.00 / cargos +390.00,39,2,2,0,0,0,OK
BBVA_DEB,2025-07-07 al 2025-08-06,50499.35,43384.77,48449.35,45354.77,abonos -2050.00 / cargos +1970.00,35,2,1,0,0,0,OK
BBVA_DEB,2025-08-07 al 2025-09-06,49627.95,43930.36,49627.95,43930.36,abonos +0.00 / cargos +0.00,30,0,0,0,0,0,OK
BBVA_DEB,2025-09-07 al 2025-10-06,32465.62,41355.35,32465.62,34356.00,abonos +0.00 / cargos -6999.35,29,0,1,0,0,0,OK
BBVA_DEB,2025-10-07 al 2025-11-06,41641.63,40910.60,41541.63,37203.00,abonos -100.00 / cargos -3707.60,31,1,1,0,0,0,OK
BBVA_DEB,2025-11-07 al 2025-12-06,69263.55,72792.63,68951.39,73104.79,abonos -312.16 / cargos +312.16,23,5,0,0,0,0,OK
BBVA_DEB,2025-12-07 al 2026-01-06,180639.49,134421.69,174791.49,140269.69,abonos -5848.00 / cargos +5848.00,33,8,0,0,0,0,OK
BBVA_DEB,2026-01-07 al 2026-02-06,107192.00,156521.50,64142.00,111785.50,abonos -43050.00 / cargos -44736.00,27,1,3,0,0,0,OK
BBVA_DEB,2026-02-07 al 2026-03-06,47162.82,43777.28,46012.82,45327.28,abonos -1150.00 / cargos +1550.00,27,2,0,1,0,6,OK
BBVA_DEB,2026-03-07 al 2026-04-06,68221.99,69150.06,68164.99,128587.12,abonos -57.00 / cargos +59437.06,13,7,0,8,0,5,OK
BBVA_DEB,2026-04-07 al 2026-05-06,40631.86,37600.41,40681.86,37550.41,abonos +50.00 / cargos -50.00,9,11,0,0,0,5,OK
BBVA_DEB,2026-05-07 al 2026-06-06,85844.35,88638.63,87844.35,85293.63,abonos +2000.00 / cargos -3345.00,35,3,0,2,0,2,OK
BBVA_DEB,2026-06-07 al 2026-07-06,52848.46,44604.97,51361.46,47263.97,abonos -1487.00 / cargos +2659.00,27,5,1,1,0,3,OK
BBVA_DEB,2026-07-07 al 2026-08-06,87555.91,91303.36,89100.41,89758.86,abonos +1544.50 / cargos -1544.50,27,4,0,0,0,1,OK
BBVA_DEB,2026-08-07 al 2026-09-06,40694.19,25503.49,39694.19,24324.49,abonos -1000.00 / cargos -1179.00,25,1,1,2,0,4,OK
BBVA_DEB,"2026-09-07 al 2026-09-27 (exportación movimientos, sin estado)",32986.21,41309.43,37486.21,54772.86,abonos +4500.00 / cargos +13463.43,20,0,0,1,0,3,sin totales impresos (exportación de movimientos)
BBVA_TDC,2021-12-23 al 2022-01-22,2952.90,4267.88,0.00,0.00,abonos +0.00 / cargos -1644.70,0,0,3,0,0,0,OK
BBVA_TDC,2022-01-23 al 2022-02-22,4813.06,3109.69,0.00,0.00,abonos -4813.06 / cargos -3109.69,0,0,8,0,0,0,OK
BBVA_TDC,2022-02-23 al 2022-03-22,3109.69,6838.92,0.00,0.00,abonos -3109.69 / cargos -6838.92,0,0,11,0,0,0,OK
BBVA_TDC,2022-03-23 al 2022-04-22,6838.92,7038.00,0.00,12927.92,abonos -6838.92 / cargos +5889.92,7,1,1,0,0,0,OK
BBVA_TDC,2022-04-23 al 2022-05-22,2748.00,15807.47,0.00,18555.47,abonos -2748.00 / cargos +2748.00,8,1,0,0,0,0,OK
BBVA_TDC,2022-05-23 al 2022-06-22,9008.47,2166.00,9008.47,2166.00,abonos +0.00 / cargos +0.00,5,0,0,0,0,0,OK
BBVA_TDC,2022-06-23 al 2022-07-22,2166.00,3684.41,2166.00,3345.00,abonos +0.00 / cargos -339.41,8,0,3,0,0,0,OK
BBVA_TDC,2022-07-23 al 2022-08-22,3684.41,5056.85,3684.41,4880.00,abonos +0.00 / cargos -176.85,9,0,2,0,0,0,OK
BBVA_TDC,2022-08-23 al 2022-09-22,5056.85,13310.47,5056.85,13310.47,abonos +0.00 / cargos +0.00,18,0,0,0,0,0,OK
BBVA_TDC,2022-09-23 al 2022-10-22,15045.26,19254.04,15045.26,18011.49,abonos +0.00 / cargos -1242.55,30,0,3,0,0,0,OK
BBVA_TDC,2022-10-23 al 2022-11-22,17052.08,35764.42,17052.08,36931.42,abonos +0.00 / cargos +1167.00,39,0,0,1,0,0,OK
BBVA_TDC,2022-11-23 al 2022-12-22,10834.12,14142.75,10834.12,12894.59,abonos +0.00 / cargos -1606.82,28,0,3,0,0,0,OK_NOTA – BBVA no incluye en su TOTAL la línea de anualidad/penalización por 358.66; la suma de la lista sí la incluye
BBVA_TDC,2022-12-23 al 2023-01-22,10868.56,18236.75,10868.56,18236.75,abonos +0.00 / cargos +0.00,47,0,0,0,0,0,OK
BBVA_TDC,2023-01-23 al 2023-02-22,17661.26,12060.99,17661.26,12060.99,abonos +0.00 / cargos +0.00,56,0,0,0,0,0,OK
BBVA_TDC,2023-02-23 al 2023-03-22,11514.99,24139.42,11514.99,25056.42,abonos +0.00 / cargos +917.00,43,0,0,1,0,0,OK
BBVA_TDC,2023-03-23 al 2023-04-22,9685.47,15338.53,9685.47,15697.53,abonos +0.00 / cargos +359.00,38,0,0,1,0,0,OK
BBVA_TDC,2023-04-23 al 2023-05-22,12178.53,14391.37,12178.53,14391.37,abonos +0.00 / cargos +0.00,50,0,0,0,0,0,OK
BBVA_TDC,2023-05-23 al 2023-06-22,13243.37,11741.23,13243.37,11741.23,abonos +0.00 / cargos +0.00,51,0,0,0,0,0,OK
BBVA_TDC,2023-06-23 al 2023-07-22,11741.23,9675.62,11741.23,9675.62,abonos +0.00 / cargos +0.00,35,0,0,0,0,0,OK
BBVA_TDC,2023-07-23 al 2023-08-22,9675.62,18281.54,9675.62,18281.54,abonos +0.00 / cargos +0.00,68,0,0,0,0,0,OK
BBVA_TDC,2023-08-23 al 2023-09-22,18281.54,11677.85,18281.54,11677.85,abonos +0.00 / cargos +0.00,70,0,0,0,0,0,OK
BBVA_TDC,2023-09-23 al 2023-10-22,15277.85,34305.63,3600.00,46442.94,abonos -11677.85 / cargos +12137.31,38,11,3,1,0,0,OK
BBVA_TDC,2023-10-23 al 2023-11-22,23310.63,16632.34,2010.63,37887.76,abonos -21300.00 / cargos +21255.42,42,13,2,0,0,0,OK
BBVA_TDC,2023-11-23 al 2023-12-22,10196.04,18145.10,10196.04,16809.94,abonos +0.00 / cargos -1718.82,34,15,3,1,0,0,OK_NOTA – BBVA no incluye en su TOTAL la línea de anualidad/penalización por 383.66; la suma de la lista sí la incluye
BBVA_TDC,2023-12-23 al 2024-01-22,17377.76,13097.09,16042.60,13352.14,abonos -1335.16 / cargos +255.05,36,12,2,1,0,0,OK
BBVA_TDC,2024-01-23 al 2024-02-22,13864.43,28637.74,0.00,42502.17,abonos -13864.43 / cargos +13864.43,34,5,0,1,0,0,OK
BBVA_TDC,2024-02-23 al 2024-03-22,10822.66,11390.60,10523.66,11689.60,abonos -299.00 / cargos +299.00,34,5,0,1,0,0,OK
BBVA_TDC,2024-03-23 al 2024-04-22,11618.60,21128.03,8869.00,23877.63,abonos -2749.60 / cargos +2749.60,49,9,0,1,0,0,OK
BBVA_TDC,2024-04-23 al 2024-05-22,19162.04,14570.70,19162.04,14570.70,abonos +0.00 / cargos +0.00,56,0,0,0,0,0,OK
BBVA_TDC,2024-05-23 al 2024-06-22,14570.70,29969.91,14570.70,29914.79,abonos +0.00 / cargos -55.12,53,0,3,0,0,0,OK
BBVA_TDC,2024-06-23 al 2024-07-22,12866.91,12589.68,12866.91,12544.74,abonos +0.00 / cargos -44.94,56,0,3,1,0,0,OK
BBVA_TDC,2024-07-23 al 2024-08-22,12589.68,30928.27,12589.68,30816.42,abonos +0.00 / cargos -111.85,65,0,3,0,1,0,OK
BBVA_TDC,2024-08-23 al 2024-09-22,29825.27,18195.52,29825.27,18195.52,abonos +0.00 / cargos +0.00,44,0,0,0,0,0,OK
BBVA_TDC,2024-09-23 al 2024-10-22,17045.52,13245.21,17045.52,13245.21,abonos +0.00 / cargos +0.00,49,0,0,0,0,0,OK
BBVA_TDC,2024-10-23 al 2024-11-22,13245.21,23267.75,13245.21,23267.75,abonos +0.00 / cargos +0.00,52,0,0,0,0,0,OK
BBVA_TDC,2024-11-23 al 2024-12-22,13098.75,23780.50,13098.75,23780.50,abonos +0.00 / cargos +0.00,53,0,0,0,0,0,OK
BBVA_TDC,2024-12-23 al 2025-01-22,23780.50,20728.59,23780.50,20728.59,abonos +0.00 / cargos +0.00,47,0,0,0,0,0,OK
BBVA_TDC,2025-01-23 al 2025-02-22,20728.59,9135.74,20728.59,9135.74,abonos +0.00 / cargos +0.00,45,0,0,0,0,0,OK
BBVA_TDC,2025-02-23 al 2025-03-22,9135.74,13933.24,9135.74,13933.24,abonos +0.00 / cargos +0.00,56,0,0,0,0,0,OK
BBVA_TDC,2025-03-23 al 2025-04-22,8103.23,45386.20,8103.23,45386.20,abonos +0.00 / cargos +0.00,75,0,0,1,0,0,OK
BBVA_TDC,2025-04-23 al 2025-05-22,41420.44,31954.16,41420.44,31954.16,abonos +0.00 / cargos +0.00,71,0,0,1,0,0,OK
BBVA_TDC,2025-05-23 al 2025-06-22,31934.16,13219.09,31934.16,13219.09,abonos +0.00 / cargos +0.00,53,0,0,2,0,0,OK
BBVA_TDC,2025-06-23 al 2025-07-22,10892.77,21455.36,19802.77,21455.36,abonos +8910.00 / cargos +0.00,69,0,0,3,0,0,OK
BBVA_TDC,2025-07-23 al 2025-08-22,18456.36,12164.71,18456.36,11418.88,abonos +0.00 / cargos -1126.47,59,0,2,2,0,0,OK_NOTA – BBVA no incluye en su TOTAL la línea de anualidad/penalización por 380.64; la suma de la lista sí la incluye
BBVA_TDC,2025-08-23 al 2025-09-22,12545.35,13308.30,12545.35,13308.30,abonos +0.00 / cargos +0.00,75,0,0,2,0,0,OK
BBVA_TDC,2025-09-23 al 2025-10-22,12873.60,29628.63,12873.60,30666.13,abonos +0.00 / cargos +1037.50,80,0,0,2,0,0,OK
BBVA_TDC,2025-10-23 al 2025-11-22,21031.63,26196.14,21031.63,21506.14,abonos +0.00 / cargos -4690.00,82,0,0,3,2,0,OK
BBVA_TDC,2025-11-23 al 2025-12-22,21937.12,27860.31,21937.12,27860.31,abonos +0.00 / cargos +0.00,83,0,0,0,0,0,OK
BBVA_TDC,2025-12-23 al 2026-01-22,27860.31,23249.02,27860.31,23249.02,abonos +0.00 / cargos +0.00,72,0,0,1,0,0,OK
BBVA_TDC,2026-01-23 al 2026-02-22,23249.02,13695.95,23249.02,13695.95,abonos +0.00 / cargos +0.00,62,0,0,0,0,0,OK
BBVA_TDC,2026-02-23 al 2026-03-22,10924.06,13937.06,10924.06,13937.06,abonos +0.00 / cargos +0.00,67,0,0,0,0,0,OK
BBVA_TDC,2026-03-23 al 2026-04-22,13937.06,13623.45,13937.06,13871.45,abonos +0.00 / cargos +248.00,56,0,0,4,0,0,OK
BBVA_TDC,2026-04-23 al 2026-05-22,13623.45,20444.72,0.00,34883.87,abonos -13623.45 / cargos +14439.15,60,2,0,4,1,0,OK
BBVA_TDC,2026-05-23 al 2026-06-22,20444.72,21567.32,20444.72,21567.32,abonos +0.00 / cargos +0.00,65,0,0,0,0,0,OK
BBVA_TDC,2026-06-23 al 2026-07-22,14380.57,15621.63,14380.57,15621.63,abonos +0.00 / cargos +0.00,53,0,0,0,0,0,OK
BBVA_TDC,2026-07-23 al 2026-08-22,13439.86,17963.43,0.00,31403.29,abonos -13439.86 / cargos +13439.86,60,1,0,0,0,0,OK
BBVA_TDC,2026-08-23 al 2026-09-22,17963.43,18696.41,0.00,36659.84,abonos -17963.43 / cargos +17963.43,50,1,0,0,0,0,OK
