banco,id_app,fecha,monto,tipo_app,descripcion_app,categoria_app,tipo_real,descripcion_real,referencia,contraparte,saldo_despues,categoria_sugerida,subcategoria_sugerida,estado,nota
BBVA_DEB,5327,2022-06-10,1500.00,GASTO,PAGO CUENTA DE TERCERO BNET PABLO,VIVIENDA/Renta,GASTO,PAGO CUENTA DE TERCERO | BNET …6230 ERR DEL HORROR Referencia 3877625928,3877625928,Judith …6230,,,,CORREGIR,descripción mezclada con el renglón vecino: PABLO
BBVA_DEB,5328,2022-06-10,1500.00,INGRESO,PAGO CUENTA DE TERCERO BNET ERR DEL HORROR,FINANZAS/Reembolsable,INGRESO,PAGO CUENTA DE TERCERO | BNET …6230 PABLO Referencia 3876179084,3876179084,Judith …6230,,FINANZAS,,CORREGIR,descripción mezclada con el renglón vecino: ERR HORROR
BBVA_DEB,3793,2023-06-22,360.00,GASTO,PAGO CUENTA DE TERCERO BNET TRANSF A GIOVANY A,FINANZAS/Transferencia,INGRESO,PAGO CUENTA DE TERCERO | BNET …8407 Transf a Giovany A Referencia 6435357540,6435357540,…8407,,,,CORREGIR,dirección: la app lo tiene como GASTO y en el PDF es abono
BBVA_DEB,3347,2024-01-07,3814.00,GASTO,PAGO CUENTA DE TERCERO BNET PAGO 10 11 12,FINANZAS/Transferencia,INGRESO,PAGO CUENTA DE TERCERO | BNET …3730 Pago 10 11 12 Referencia 3487099894,3487099894,…3730,,,,CORREGIR,dirección: la app lo tiene como GASTO y en el PDF es abono
BBVA_DEB,3351,2024-01-07,7000.00,INGRESO,PAGO CUENTA DE TERCERO BNET ABONO DEUDA,PRESTAMOS,GASTO,PAGO CUENTA DE TERCERO | BNET …1239 Abono deuda Referencia 3652418998,3652418998,Papá …1239,83353.98,,,CORREGIR,dirección: la app lo tiene como INGRESO y en el PDF es cargo
BBVA_DEB,,2024-05-05,1500.00,,,,GASTO,PAGO TARJETA DE CREDITO | CUENTA: BMOV Referencia 3892480336,3892480336,,724.06,FINANZAS,Transferencia enviada,FALTA_EN_APP,
BBVA_DEB,3104,2024-09-08,1000.00,GASTO,PAGO CUENTA DE TERCERO BNET TRANSF A UNDEFINED,FINANZAS/Transferencia,INGRESO,PAGO CUENTA DE TERCERO | BNET …3042 pago Referencia 4802980906,4802980906,…3042,,,,CORREGIR,dirección: la app lo tiene como GASTO y en el PDF es abono; descripción mezclada con el renglón vecino: UNDEFINED
BBVA_DEB,,2024-09-11,12205.27,,,,GASTO,PAGO TARJETA DE CREDITO | CUENTA: BMOV Referencia 5061983659,5061983659,,910.11,FINANZAS,Transferencia enviada,FALTA_EN_APP,
BBVA_DEB,3110,2024-09-11,32.50,GASTO,PAGO CUENTA DE TERCERO BNET PIZZA,FINANZAS/Transferencia,INGRESO,PAGO CUENTA DE TERCERO | BNET …3540 Pizza Referencia 5061571094,5061571094,…3540,,,,CORREGIR,dirección: la app lo tiene como GASTO y en el PDF es abono
BBVA_DEB,3111,2024-09-11,13000.00,GASTO,PAGO CUENTA DE TERCERO BNET TRANSF A GIOVANY A,FINANZAS/Entre cuentas propias,INGRESO,PAGO CUENTA DE TERCERO | BNET …1239 Transf a GIOVANY A Referencia 5061880946,5061880946,Papá …1239,,OTROS,,CORREGIR,dirección: la app lo tiene como GASTO y en el PDF es abono
BBVA_DEB,3116,2024-09-13,4000.00,GASTO,PAGO CUENTA DE TERCERO BNET TRANSF A UNDEFINED,FINANZAS/Transferencia,INGRESO,PAGO CUENTA DE TERCERO | BNET …6230 Transf a undefined Referencia 5221961625,5221961625,Judith …6230,,FINANZAS,,CORREGIR,dirección: la app lo tiene como GASTO y en el PDF es abono
BBVA_DEB,3125,2024-09-19,89.00,GASTO,PAGO CUENTA DE TERCERO BNET TRANSF A GIOVANY A,FINANZAS/Transferencia,INGRESO,PAGO CUENTA DE TERCERO | BNET …3540 Transf a GIOVANY A Referencia 5731420953,5731420953,…3540,,,,CORREGIR,dirección: la app lo tiene como GASTO y en el PDF es abono
BBVA_DEB,3130,2024-09-20,1000.00,GASTO,PAGO CUENTA DE TERCERO BNET TRANSF A GIOVANY A,FINANZAS/Transferencia,INGRESO,PAGO CUENTA DE TERCERO | BNET …6230 Transf a GIOVANY A Referencia 5860529749,5860529749,Judith …6230,4026.04,FINANZAS,,CORREGIR,dirección: la app lo tiene como GASTO y en el PDF es abono
BBVA_DEB,3143,2024-09-29,5000.00,GASTO,PAGO CUENTA DE TERCERO BNET TRANSF A GIOVANY A,VIVIENDA/Renta,INGRESO,PAGO CUENTA DE TERCERO | BNET …1239 Transf a GIOVANY A Referencia 6601899854,6601899854,Papá …1239,5909.15,OTROS,,CORREGIR,dirección: la app lo tiene como GASTO y en el PDF es abono
BBVA_DEB,3145,2024-09-30,3600.00,GASTO,PAGO CUENTA DE TERCERO BNET GRACIAS,FINANZAS/Transferencia,INGRESO,PAGO CUENTA DE TERCERO | BNET …3290 gracias Referencia 6696846477,6696846477,…3290,,,,CORREGIR,dirección: la app lo tiene como GASTO y en el PDF es abono
BBVA_DEB,,2024-10-08,11000.00,,,,GASTO,PAGO TARJETA DE TERCEROS | CUENTA: …5198 MBAN Referencia 7389484046,7389484046,,5156.61,FINANZAS,Transferencia enviada,FALTA_EN_APP,
BBVA_DEB,3059,2024-10-08,0.00,GASTO,SPEI ENVIADO BANORTE,VIVIENDA/Renta,,,,,,,,SOBRA_EN_APP,monto 0.00 en la app; no aparece en el PDF
BBVA_DEB,3163,2024-10-08,11000.00,GASTO,PAGO TARJETA DE TERCEROS,VIVIENDA/Renta,GASTO,SPEI ENVIADO BANORTE | 0309240oct 2024 807 Referencia 0052297594 072 …6022 MBAN01002410080052297594 Gustavo Benitez Lopez,0052297594,Gustavo Benitez Lopez,,,,CORREGIR,descripción mezclada con el renglón vecino: TARJETA
BBVA_DEB,3062,2024-10-09,56.00,GASTO,PAGO CUENTA DE TERCERO BNET TRANSF A GIOVANY A,FINANZAS/Transferencia,INGRESO,PAGO CUENTA DE TERCERO | BNET …3540 Transf a GIOVANY A Referencia 7459505034,7459505034,…3540,5212.61,,,CORREGIR,dirección: la app lo tiene como GASTO y en el PDF es abono
BBVA_DEB,3067,2024-10-11,1000.00,GASTO,PAGO CUENTA DE TERCERO BNET BOLETO,SALSA/Congreso,INGRESO,PAGO CUENTA DE TERCERO | BNET …6230 boleto Referencia 7651748787,7651748787,Judith …6230,4884.09,FINANZAS,,CORREGIR,dirección: la app lo tiene como GASTO y en el PDF es abono
BBVA_DEB,3078,2024-10-19,200.00,INGRESO,SPEI ENVIADO NU MEXICO,APORTACION_RENTA/Parte renta Nu Mexico,GASTO,SPEI ENVIADO NU MEXICO | 03092401vs1 Giovany Alberto Referencia 0099810949 638 …8643 MBAN01002410210099810949 Zaine Rosabal,0099810949,Zaine Rosabal,4169.14,,,CORREGIR,dirección: la app lo tiene como INGRESO y en el PDF es cargo
BBVA_DEB,3103,2024-11-06,150.00,INGRESO,SPEI ENVIADO NU MEXICO,APORTACION_RENTA/Parte renta Nu Mexico,GASTO,SPEI ENVIADO NU MEXICO | 0309240Ragnarok Nahual Referencia 0067121656 638 …2292 MBAN01002411060067121656 carlos eduardo lopez,0067121656,carlos eduardo lopez,14228.01,,,CORREGIR,dirección: la app lo tiene como INGRESO y en el PDF es cargo
BBVA_DEB,2583,2024-11-08,63.00,GASTO,PAGO CUENTA DE TERCERO BNET DEUDAR MAR,FINANZAS/Transferencia,INGRESO,PAGO CUENTA DE TERCERO | BNET …3540 Deudar Mar Referencia 0052999942,0052999942,…3540,,,,CORREGIR,dirección: la app lo tiene como GASTO y en el PDF es abono
BBVA_DEB,2585,2024-11-11,100.00,GASTO,PAGO CUENTA DE TERCERO BNET TRANSF A GIOVANY A,FINANZAS/Transferencia,INGRESO,PAGO CUENTA DE TERCERO | BNET …6230 Transf a GIOVANY A Referencia 0315114301,0315114301,Judith …6230,,FINANZAS,,CORREGIR,dirección: la app lo tiene como GASTO y en el PDF es abono
BBVA_DEB,2590,2024-11-12,140.00,GASTO,PAGO CUENTA DE TERCERO BNET VIAJE MAZAMITLA,FINANZAS/Transferencia,INGRESO,PAGO CUENTA DE TERCERO | BNET …4360 viaje mazamitla Referencia 0428215838,0428215838,…4360,315.80,,,CORREGIR,dirección: la app lo tiene como GASTO y en el PDF es abono
BBVA_DEB,2591,2024-11-13,112.00,INGRESO,SPEI ENVIADO NU MEXICO,APORTACION_RENTA/Parte renta Nu Mexico,GASTO,SPEI ENVIADO NU MEXICO | 2410240sugar que paga Referencia 0093374586 638 …2292 MBAN01002411130093374586 carlos eduardo lopez,0093374586,carlos eduardo lopez,203.80,,,CORREGIR,dirección: la app lo tiene como INGRESO y en el PDF es cargo
BBVA_DEB,,2024-11-29,150.00,,,,GASTO,RECARGAS Y PAQUETES BMOV | 29/NOV 21:06 AUT: Referencia ******5725,******5725,,16727.10,,,FALTA_EN_APP,
BBVA_DEB,,2025-01-05,350.00,,,,INGRESO,PAGO CUENTA DE TERCERO | BNET …1239 Transf a GIOVANY A Referencia 5097726711,5097726711,Papá …1239,,OTROS,,FALTA_EN_APP,
BBVA_DEB,,2025-01-05,200.00,,,,INGRESO,PAGO CUENTA DE TERCERO | BNET …6230 Transf a GIOVANY A Referencia 5097787370,5097787370,Judith …6230,28771.88,FINANZAS,,FALTA_EN_APP,
BBVA_DEB,,2025-02-04,280.00,,,,GASTO,SPEI ENVIADO BANAMEX | 1712240iva tamales Referencia 0083477767 002 …3149 MBAN01002502040083477767 Ismael Lara Gonzalez,0083477767,Ismael Lara Gonzalez,38436.23,,,FALTA_EN_APP,
BBVA_DEB,,2025-03-24,100.00,,,,INGRESO,PAGO CUENTA DE TERCERO | BNET …6230 Transf a GIOVANY A Referencia 1819065977,1819065977,Judith …6230,,FINANZAS,,FALTA_EN_APP,
BBVA_DEB,2999,2025-03-24,1000.00,GASTO,PAGO CUENTA DE TERCERO BNET TRANSF A GIOVANY A,PRESTAMOS/Prestado,INGRESO,PAGO CUENTA DE TERCERO | BNET …6230 Transf a GIOVANY A Referencia 1819014839,1819014839,Judith …6230,,FINANZAS,,CORREGIR,dirección: la app lo tiene como GASTO y en el PDF es abono
BBVA_DEB,3004,2025-03-27,2513.00,GASTO,PAGO CUENTA DE TERCERO BNET JEFE DE FAMIL REPO,PRESTAMOS/Prestado,INGRESO,PAGO CUENTA DE TERCERO | BNET …5937 jefe de famil repo Referencia 2101215460,2101215460,…5937,5028.45,,,CORREGIR,dirección: la app lo tiene como GASTO y en el PDF es abono
BBVA_DEB,3013,2025-03-31,192.50,INGRESO,PAGO CUENTA DE TERCERO BNET PAGO GIOVANY,SALSA/Clases,GASTO,PAGO CUENTA DE TERCERO | BNET …8875 pago Giovany Referencia 2424412957,2424412957,…8875,,,,CORREGIR,dirección: la app lo tiene como INGRESO y en el PDF es cargo
BBVA_DEB,,2025-04-07,15.00,,,,GASTO,RECARGAS Y PAQUETES BMOV | 06/ABR 18:59 AUT:922037 Referencia ******5725,******5725,,,,,FALTA_EN_APP,
BBVA_DEB,,2025-04-07,400.00,,,,GASTO,PAGO TARJETA DE TERCEROS | CUENTA: …3447 MBAN Referencia 3047474146,3047474146,,3092.28,FINANZAS,Transferencia enviada,FALTA_EN_APP,
BBVA_DEB,,2025-04-11,400.00,,,,GASTO,SPEI ENVIADO ARCUS FI | 0903250gio Referencia 0069593217 706 …9166 MBAN01002504110069593217 DiDi Gio,0069593217,DiDi Gio,2373.58,,,FALTA_EN_APP,
BBVA_DEB,2952,2025-04-14,1000.00,GASTO,PAGO CUENTA DE TERCERO BNET PAGO,VIAJES/Otros,INGRESO,PAGO CUENTA DE TERCERO | BNET …3042 pago Referencia 3663822893,3663822893,…3042,,,,CORREGIR,dirección: la app lo tiene como GASTO y en el PDF es abono
BBVA_DEB,2953,2025-04-14,883.00,GASTO,PAGO CUENTA DE TERCERO BNET VIAJESITO,VIAJES/Otros,INGRESO,PAGO CUENTA DE TERCERO | BNET …5937 viajesito Referencia 3663928621,3663928621,…5937,5280.58,,,CORREGIR,dirección: la app lo tiene como GASTO y en el PDF es abono
BBVA_DEB,,2025-04-16,2000.00,,,,INGRESO,PAGO CUENTA DE TERCERO | BNET …3042 p Referencia 3835647117,3835647117,…3042,25054.94,,,FALTA_EN_APP,
BBVA_DEB,2958,2025-04-16,962.00,GASTO,PAGO CUENTA DE TERCERO BNET VIAJE,VIAJES/Otros,INGRESO,PAGO CUENTA DE TERCERO | BNET …6230 viaje Referencia 3835381498,3835381498,Judith …6230,,FINANZAS,,CORREGIR,dirección: la app lo tiene como GASTO y en el PDF es abono
BBVA_DEB,2959,2025-04-16,1112.00,GASTO,PAGO CUENTA DE TERCERO BNET VACACIONES,VIAJES/Otros,INGRESO,PAGO CUENTA DE TERCERO | BNET …5937 vacaciones Referencia 3835420349,3835420349,…5937,,,,CORREGIR,dirección: la app lo tiene como GASTO y en el PDF es abono
BBVA_DEB,2960,2025-04-16,691.00,GASTO,PAGO CUENTA DE TERCERO BNET P,VIAJES/Otros,INGRESO,PAGO CUENTA DE TERCERO | BNET …3042 p Referencia 3835464196,3835464196,…3042,,,,CORREGIR,dirección: la app lo tiene como GASTO y en el PDF es abono
BBVA_DEB,2967,2025-04-24,500.00,GASTO,PAGO CUENTA DE TERCERO BNET HOSPEDAJE,SALSA/Congreso,INGRESO,PAGO CUENTA DE TERCERO | BNET …6230 hospedaje Referencia 4514132261,4514132261,Judith …6230,5003.94,FINANZAS,,CORREGIR,dirección: la app lo tiene como GASTO y en el PDF es abono
BBVA_DEB,2977,2025-05-05,50.00,GASTO,PAGO CUENTA DE TERCERO BNET RWCARGA,DIGITAL/Celular,INGRESO,PAGO CUENTA DE TERCERO | BNET …6230 rwcarga Referencia 5434567277,5434567277,Judith …6230,,FINANZAS,,CORREGIR,dirección: la app lo tiene como GASTO y en el PDF es abono
BBVA_DEB,,2025-05-08,30.00,,,,GASTO,RECARGAS Y PAQUETES BMOV | 08/MAY 15:47 AUT:883769 Referencia ******5725,******5725,,,,,FALTA_EN_APP,
BBVA_DEB,2921,2025-05-19,115.50,GASTO,PAGO CUENTA DE TERCERO BNET FARMACIA,SUPER/Súper,INGRESO,PAGO CUENTA DE TERCERO | BNET …6197 farmacia Referencia 6674232078,6674232078,Gastos compartidos …6197,8663.67,FINANZAS,Reembolso compartido,CORREGIR,dirección: la app lo tiene como GASTO y en el PDF es abono
BBVA_DEB,,2025-06-11,100.00,,,,GASTO,PAGO CUENTA DE TERCERO | BNET …6230 Transf a JUDITH A Referencia 8629450426,8629450426,Judith …6230,,,,FALTA_EN_APP,
BBVA_DEB,2888,2025-06-28,415.00,GASTO,PAGO CUENTA DE TERCERO BNET WEN,FAMILIA_REGALOS/Regalos,INGRESO,PAGO CUENTA DE TERCERO | BNET …7224 wen Referencia 0082669084,0082669084,…7224,,,,CORREGIR,dirección: la app lo tiene como GASTO y en el PDF es abono
BBVA_DEB,2889,2025-06-28,75.00,GASTO,PAGO CUENTA DE TERCERO BNET DESAYUNO,COMIDA_FUERA/Restaurante,INGRESO,PAGO CUENTA DE TERCERO | BNET …8753 desayuno Referencia 0096318940,0096318940,…8753,,,,CORREGIR,dirección: la app lo tiene como GASTO y en el PDF es abono
BBVA_DEB,,2025-07-02,1000.00,,,,INGRESO,PAGO CUENTA DE TERCERO | BNET …1239 Transf a GIOVANY A Referencia 0097966581,0097966581,Papá …1239,,OTROS,,FALTA_EN_APP,
BBVA_DEB,2839,2025-07-15,450.00,INGRESO,SPEI ENVIADO NU MEXICO,APORTACION_RENTA/Parte renta Nu Mexico,GASTO,SPEI ENVIADO NU MEXICO | 0906250mensu giovany Referencia 0058737685 638 …5029 MBAN01002507160058737685 paulina torres,0058737685,paulina torres,475.67,,,CORREGIR,dirección: la app lo tiene como INGRESO y en el PDF es cargo
BBVA_DEB,2841,2025-07-16,2500.00,GASTO,PAGO CUENTA DE TERCERO BNET REGA,FAMILIA_REGALOS/Regalos,INGRESO,PAGO CUENTA DE TERCERO | BNET …1239 rega Referencia 0046745635,0046745635,Papá …1239,2975.67,OTROS,,CORREGIR,dirección: la app lo tiene como GASTO y en el PDF es abono
BBVA_DEB,,2025-08-04,80.00,,,,GASTO,PAGO CUENTA DE TERCERO | BNET …8987 clase gio Referencia 0076010644,0076010644,…8987,9646.86,,,FALTA_EN_APP,
BBVA_DEB,,2025-09-11,6999.35,,,,GASTO,PAGO TARJETA DE CREDITO | CUENTA: BMOV Referencia 6606767214,6606767214,,218.10,FINANZAS,Transferencia enviada,FALTA_EN_APP,
BBVA_DEB,,2025-10-08,3807.60,,,,GASTO,PAGO TARJETA DE CREDITO | CUENTA: BMOV Referencia 8921831446,8921831446,,493.12,FINANZAS,Transferencia enviada,FALTA_EN_APP,
BBVA_DEB,2745,2025-10-10,100.00,GASTO,PAGO CUENTA DE TERCERO BNET DIMO-CARNITAS,COMIDA_FUERA/Restaurante,INGRESO,PAGO CUENTA DE TERCERO | BNET …3540 carnitas Referencia 0039980801,0039980801,…3540,2693.12,,,CORREGIR,dirección: la app lo tiene como GASTO y en el PDF es abono; descripción mezclada con el renglón vecino: DIMO
BBVA_DEB,1433,2025-11-18,537.00,INGRESO,SPEI ENVIADO NU MEXICO,APORTACION_RENTA/Parte renta Nu Mexico,GASTO,SPEI ENVIADO NU MEXICO | 0811250obsequio gio Referencia 0077380024 638 …3626 MBAN01002511190077380024 carlos eduardo,0077380024,carlos eduardo,107.24,,,CORREGIR,dirección: la app lo tiene como INGRESO y en el PDF es cargo
BBVA_DEB,1440,2025-11-19,300.00,GASTO,PAGO CUENTA DE TERCERO BNET P,TRANSPORTE/Gasolina,INGRESO,PAGO CUENTA DE TERCERO | BNET …3042 p Referencia 0001542467,0001542467,…3042,5707.24,,,CORREGIR,dirección: la app lo tiene como GASTO y en el PDF es abono
BBVA_DEB,1482,2025-12-01,144.16,GASTO,PAGO CUENTA DE TERCERO BNET APERITIVOS,COMIDA_FUERA/Restaurante,INGRESO,PAGO CUENTA DE TERCERO | BNET …6197 Aperitivos Referencia 0077930458,0077930458,Gastos compartidos …6197,6751.67,FINANZAS,Reembolso compartido,CORREGIR,dirección: la app lo tiene como GASTO y en el PDF es abono
BBVA_DEB,1484,2025-12-01,500.00,GASTO,PAGO CUENTA DE TERCERO BNET P,FAMILIA_REGALOS/Regalos,INGRESO,PAGO CUENTA DE TERCERO | BNET …3042 p Referencia 0059325240,0059325240,…3042,,,,CORREGIR,dirección: la app lo tiene como GASTO y en el PDF es abono
BBVA_DEB,1488,2025-12-02,95.00,INGRESO,SPEI ENVIADO NU MEXICO,APORTACION_RENTA/Parte renta Nu Mexico,GASTO,SPEI ENVIADO NU MEXICO | 0811250posada gio Referencia 0097945629 638 …3626 MBAN01002512020097945629 carlos eduardo,0097945629,carlos eduardo,,,,CORREGIR,dirección: la app lo tiene como INGRESO y en el PDF es cargo
BBVA_DEB,1517,2025-12-11,633.00,GASTO,PAGO CUENTA DE TERCERO BNET CENA,COMIDA_FUERA/Restaurante,INGRESO,PAGO CUENTA DE TERCERO | BNET …5761 cena Referencia 0028382130,0028382130,…5761,15626.96,,,CORREGIR,dirección: la app lo tiene como GASTO y en el PDF es abono
BBVA_DEB,1546,2025-12-19,1500.00,GASTO,PAGO CUENTA DE TERCERO BNET TV,VIVIENDA/Artículos del hogar,INGRESO,PAGO CUENTA DE TERCERO | BNET …1745 TV Referencia 0071479832,0071479832,…1745,,,,CORREGIR,dirección: la app lo tiene como GASTO y en el PDF es abono
BBVA_DEB,1561,2025-12-22,204.00,GASTO,PAGO CUENTA DE TERCERO BNET CARS JR,COMIDA_FUERA/Restaurante,INGRESO,PAGO CUENTA DE TERCERO | BNET …3540 Cars Jr Referencia 0010349499,0010349499,…3540,1970.39,,,CORREGIR,dirección: la app lo tiene como GASTO y en el PDF es abono
BBVA_DEB,1578,2025-12-25,604.00,GASTO,PAGO CUENTA DE TERCERO BNET COM,VIAJES/Otros,INGRESO,PAGO CUENTA DE TERCERO | BNET …3042 p Referencia 0025115529,0025115529,…3042,,,,CORREGIR,dirección: la app lo tiene como GASTO y en el PDF es abono; descripción mezclada con el renglón vecino: COM
BBVA_DEB,1580,2025-12-25,540.00,GASTO,PAGO CUENTA DE TERCERO BNET PAGO,VIAJES/Otros,INGRESO,PAGO CUENTA DE TERCERO | BNET …5937 pago Referencia 0008595241,0008595241,…5937,3718.39,,,CORREGIR,dirección: la app lo tiene como GASTO y en el PDF es abono
BBVA_DEB,1594,2025-12-29,1266.00,GASTO,PAGO CUENTA DE TERCERO BNET VACA,VIAJES/Otros,INGRESO,PAGO CUENTA DE TERCERO | BNET …5937 vaca Referencia 0098014446,0098014446,…5937,,,,CORREGIR,dirección: la app lo tiene como GASTO y en el PDF es abono
BBVA_DEB,1615,2026-01-04,850.00,GASTO,PAGO CUENTA DE TERCERO BNET P,FINANZAS/Transferencia,INGRESO,PAGO CUENTA DE TERCERO | BNET …3042 p Referencia 0019176186,0019176186,…3042,76077.98,,,CORREGIR,dirección: la app lo tiene como GASTO y en el PDF es abono
BBVA_DEB,1616,2026-01-04,251.00,GASTO,PAGO CUENTA DE TERCERO BNET ROSCA,CAFE/PAN/Café,INGRESO,PAGO CUENTA DE TERCERO | BNET …1239 rosca Referencia 0003870178,0003870178,Papá …1239,,OTROS,,CORREGIR,dirección: la app lo tiene como GASTO y en el PDF es abono
BBVA_DEB,,2026-01-08,42200.00,,,,GASTO,SPEI ENVIADO STP | 0080126AHORRO GIO Referencia 0030992944 646,0030992944,,,,,FALTA_EN_APP,hay un movimiento contrario por el mismo monto el mismo día (envío y devolución): en neto es 0
BBVA_DEB,,2026-01-08,42200.00,,,,INGRESO,SPEI DEVUELTOSTP | 0080126AHORRO GIO Referencia 0030992944 646,0030992944,,42253.47,,,FALTA_EN_APP,hay un movimiento contrario por el mismo monto el mismo día (envío y devolución): en neto es 0
BBVA_DEB,,2026-01-23,3386.00,,,,GASTO,SPEI ENVIADO INVEX | 0912250NOV Referencia 0063478331 059 …2829 MBAN01002601230063478331 Invex Giovany,0063478331,Invex Giovany,4702.61,,,FALTA_EN_APP,
BBVA_DEB,1692,2026-01-30,850.00,GASTO,PAGO CUENTA DE TERCERO BNET P,FINANZAS/Transferencia,INGRESO,PAGO CUENTA DE TERCERO | BNET …3042 p Referencia 0010981125,0010981125,…3042,15769.97,,,CORREGIR,dirección: la app lo tiene como GASTO y en el PDF es abono
BBVA_DEB,1780,2026-02-26,50.00,GASTO,PAGO CUENTA DE TERCERO BNET PAN,CAFE/PAN/Café,INGRESO,PAGO CUENTA DE TERCERO | BNET …3540 pan Referencia 0095317864,0095317864,…3540,,,,CORREGIR,dirección: la app lo tiene como GASTO y en el PDF es abono
BBVA_DEB,1810,2026-03-04,400.00,GASTO,002 2901260ARBITRAJE GIO PAGO CUENTA DE TERCERO,DEPORTE/Fútbol,,,,,,,,SOBRA_EN_APP,no aparece en el PDF; posible duplicado de id 1816
BBVA_DEB,1816,2026-03-04,400.00,GASTO,PAGO CUENTA DE TERCERO BNET P,FINANZAS/Transferencia,INGRESO,PAGO CUENTA DE TERCERO | BNET …3042 p Referencia 0038215414,0038215414,…3042,,,,CORREGIR,dirección: la app lo tiene como GASTO y en el PDF es abono
BBVA_DEB,1831,2026-03-08,2000.00,INGRESO,135 EGRESOS SPEI SVD PAGO CUENTA DE TERCERO BNET TRANSF,PRESTAMOS,,,,,,,,SOBRA_EN_APP,"no aparece en el PDF; posible duplicado de id 1847,1836"
BBVA_DEB,1838,2026-03-09,12000.00,GASTO,BNET 8B PAGO TARJETA DE TERCEROS,VIVIENDA/Renta,GASTO,PAGO TARJETA DE TERCEROS | CUENTA: …5198 MBAN Referencia 0047381791,0047381791,,230.51,FINANZAS,Transferencia enviada,CORREGIR,descripción mezclada con el renglón vecino: 8B
BBVA_DEB,1839,2026-03-09,3800.00,INGRESO,BNET 8B PAGO TARJETA DE TERCEROS MBAN DEPOSITO EFECTIVO PRACTIC ******1804 MAR09,VIVIENDA/Aportación renta,INGRESO,DEPOSITO EFECTIVO PRACTIC | MAR09 11:37 PRAC D797 FOLIO:3038 Referencia ******1804,******1804,,,FINANZAS,Depósito,CORREGIR,descripción mezclada con el renglón vecino: 8B MBAN TARJETA TERCEROS
BBVA_DEB,1842,2026-03-09,6500.00,INVERSION,FOLIO:3038 SPEI RECIBIDONAFIN,CETES/RETIRO,,,,,,,,SOBRA_EN_APP,no aparece en el PDF; posible duplicado de id 1845
BBVA_DEB,1847,2026-03-10,2000.00,GASTO,PAGO CUENTA DE TERCERO BNET 8B,FINANZAS/Transferencia,INGRESO,PAGO CUENTA DE TERCERO | BNET …5937 8b Referencia 0038640434,0038640434,…5937,2230.51,,,CORREGIR,dirección: la app lo tiene como GASTO y en el PDF es abono
BBVA_DEB,1875,2026-03-17,3.00,GASTO,BNET COSITAS PAGO CUENTA DE TERCERO BNET DUEDA,FINANZAS/Transferencia,GASTO,PAGO CUENTA DE TERCERO | BNET …6230 dueda con interes Referencia 0058109101,0058109101,Judith …6230,10438.09,,,CORREGIR,descripción mezclada con el renglón vecino: COSITAS
BBVA_DEB,1876,2026-03-17,1700.00,GASTO,CON INTERES PAGO CUENTA DE TERCERO BNET,COSTOS_FINANCIEROS/Comisiones,GASTO,PAGO CUENTA DE TERCERO | BNET …6230 prestamito Referencia 0022300805,0022300805,Judith …6230,,,,CORREGIR,descripción mezclada con el renglón vecino: CON INTERES
BBVA_DEB,1881,2026-03-19,8000.00,PAGO,059 2702260INVEX MARZO PAGO CUENTA DE TERCERO,FINANZAS/Pago servicios,,,,,,,,SOBRA_EN_APP,no aparece en el PDF; posible duplicado de id 1883
BBVA_DEB,1886,2026-03-21,928.00,MOVIMIENTO_INTERNO,SPEI ENVIADO INVEX,PAGO_TDC,,,,,,,,SOBRA_EN_APP,no aparece en el PDF; posible duplicado de id 1884
BBVA_DEB,1888,2026-03-22,57.00,GASTO,A GIOVANY A PAGO CUENTA DE TERCERO BNET TRANSF,SUPER/Súper,INGRESO,PAGO CUENTA DE TERCERO | BNET …3042 Transf a GIOVANY A Referencia 0021573457,0021573457,…3042,1567.09,,,CORREGIR,dirección: la app lo tiene como GASTO y en el PDF es abono
BBVA_DEB,1904,2026-03-25,100.00,GASTO,002 2702260ARBITRAJE GIO PAGO CUENTA DE TERCERO BNET,DEPORTE/Fútbol,,,,,,,,SOBRA_EN_APP,no aparece en el PDF; posible duplicado de id 1910
BBVA_DEB,1905,2026-03-25,1862.00,INGRESO,COMIDA SITH2EXPENSERH FIBRA HOTELERA SC,FINANZAS/Reembolsable,INGRESO,SITH2EXPENSERH | FIBRA HOTELERA SC 1832964 Referencia 359546143987040,359546143987040,,,FINANZAS,Reembolsable,CORREGIR,descripción mezclada con el renglón vecino: COMIDA
BBVA_DEB,1918,2026-03-28,2915.00,MOVIMIENTO_INTERNO,SPEI ENVIADO HSBC,PAGO_TDC,,,,,,,,SOBRA_EN_APP,no aparece en el PDF; posible duplicado de id 1916
BBVA_DEB,1924,2026-03-30,13937.06,MOVIMIENTO_INTERNO,646 1803260GIO MARZO PAGO TARJETA DE CREDITO,PAGO_TDC,,,,,,,,SOBRA_EN_APP,no aparece en el PDF; posible duplicado de id 3238
BBVA_DEB,1926,2026-03-30,25000.00,INVERSION,FIDEICOMISO F 1596 SPEI ENVIADO STP,CETES/APORTACION,,,,,,,,SOBRA_EN_APP,no aparece en el PDF; posible duplicado de id 3239
BBVA_DEB,1958,2026-04-08,12000.00,GASTO,766236 PAGO TARJETA DE TERCEROS,VIVIENDA/Renta,GASTO,PAGO TARJETA DE TERCEROS | CUENTA: …5198 MBAN Referencia 0088904897,0088904897,,,FINANZAS,Transferencia enviada,CORREGIR,descripción mezclada con el renglón vecino: 766236
BBVA_DEB,1961,2026-04-08,700.00,INVERSION,MBAN SPEI RECIBIDONAFIN,CETES/RETIRO,INGRESO,SPEI RECIBIDONAFIN | 47298492700 EGRESOS SPEI SVD Referencia 0158497809 135 …0614,0158497809,,,INVERSION,Inversión,CORREGIR,descripción mezclada con el renglón vecino: MBAN
BBVA_DEB,1975,2026-04-14,700.00,GASTO,014 1803260MENS GIO PAGO CUENTA DE TERCERO BNET TRANSF,SALSA/Clases,INGRESO,PAGO CUENTA DE TERCERO | BNET …3042 Transf a GIOVANY A Referencia 0003940676,0003940676,…3042,,,,CORREGIR,dirección: la app lo tiene como GASTO y en el PDF es abono; descripción mezclada con el renglón vecino: 014 1803260MENS GIO
BBVA_DEB,1978,2026-04-15,3356.00,MOVIMIENTO_INTERNO,******5725 15 ABR 18:35 AUT: SPEI ENVIADO INVEX,PAGO_TDC,GASTO,SPEI ENVIADO INVEX | 1803260invex abril Referencia 0052307518 059 …2829 MBAN01002604150052307518 INVEX Giovany,0052307518,INVEX Giovany,,,,CORREGIR,descripción mezclada con el renglón vecino: 5725 ABR AUT
BBVA_DEB,1979,2026-04-15,3311.00,MOVIMIENTO_INTERNO,059 1803260INVEX ABRIL PAGO CUENTA DE TERCERO BNET DEUDA,PAGO_TDC,GASTO,PAGO CUENTA DE TERCERO | BNET …1239 deuda extera Gio Referencia 0074092067,0074092067,Papá …1239,,,,CORREGIR,descripción mezclada con el renglón vecino: 059 1803260INVEX ABRIL
BBVA_DEB,1980,2026-04-15,200.00,GASTO,638 0170426TRANSFERENCIA RETIRO SIN TARJETA ******7852,COMIDA_FUERA/Restaurante,GASTO,RETIRO SIN TARJETA | Referencia ******7852,******7852,,8280.91,FINANZAS,Retiro efectivo,CORREGIR,descripción mezclada con el renglón vecino: 0170426TRANSFERENCIA 638
BBVA_DEB,1982,2026-04-15,15271.47,INGRESO,EXTERA GIO PAGO DE NOMINA HH,NOMINA/Pago nominal,INGRESO,PAGO DE NOMINA | FIBRA HOTELERA SC Referencia HH 4206466060,HH,FIBRA HOTELERA SC (nómina),,NOMINA,Pago nominal,CORREGIR,descripción mezclada con el renglón vecino: EXTERA GIO
BBVA_DEB,1985,2026-04-17,500.00,INGRESO,LIQUIDOS SPEI RECIBIDONU MEXICO,APORTACION_RENTA/Parte renta Nu Mexico,INGRESO,SPEI RECIBIDONU MEXICO | 0170426Transferencia Referencia 0113573275 638 …1693 NU39S8ORK2TF9OHOL091GM5UV0KB KEVIN EDUARDO OLVERA ORTEGA,0113573275,,8780.91,,,CORREGIR,descripción mezclada con el renglón vecino: LIQUIDOS
BBVA_DEB,2008,2026-04-24,105.00,MOVIMIENTO_INTERNO,021 1404260ABRIL GIO HSBC PAGO CUENTA DE TERCERO BNET PAGO,PAGO_TDC,GASTO,PAGO CUENTA DE TERCERO | BNET …3854 pago giovany Referencia 0001674380,0001674380,…3854,12556.30,,,CORREGIR,descripción mezclada con el renglón vecino: 021 1404260ABRIL GIO HSBC
BBVA_DEB,2015,2026-04-26,4450.00,MOVIMIENTO_INTERNO,601 1404260GBM ABRIL SPEI ENVIADO HSBC,PAGO_TDC,GASTO,SPEI ENVIADO HSBC | 1404260abril gio hsbc Referencia 0064829382 021 …7441 MBAN01002604270064829382 Giovany Alberto,0064829382,Giovany Alberto,8106.30,,,CORREGIR,descripción mezclada con el renglón vecino: 1404260GBM 601 ABRIL
BBVA_DEB,2021,2026-04-27,2175.00,INVERSION,EXPENSE SPEI ENVIADO GBM,CETES/APORTACION,GASTO,SPEI ENVIADO GBM | 1404260GBM abril Referencia 0068636480 601 …0022 MBAN01002604270068636480 GBM INVESTMENT,0068636480,GBM INVESTMENT,,INVERSION,Inversión,CORREGIR,descripción mezclada con el renglón vecino: EXPENSE
BBVA_DEB,2077,2026-05-12,2000.00,GASTO,BNET TACOS PAGO CUENTA DE TERCERO BNET REGRESO AL CORNER,PRESTAMOS/Prestado,,,,,,,,SOBRA_EN_APP,"no aparece en el PDF; posible duplicado de id 2130,2073"
BBVA_DEB,2089,2026-05-15,5555.00,GASTO,PAGO CUENTA DE TERCERO BNET SEGURO Y DEUDA,TRANSPORTE/Seguro auto,GASTO,PAGO CUENTA DE TERCERO | BNET …1239 seguro y deuda Referencia 0075112113,0075112113,Papá …1239,,TRANSPORTE,Seguro auto,CORREGIR,"monto distinto: app 555.00 vs PDF 5,555.00"
BBVA_DEB,2108,2026-05-22,200.00,GASTO,0805260TDC HSBC MAYO RETIRO SIN TARJETA ******7852,SUPER/Súper,GASTO,RETIRO SIN TARJETA | Referencia ******7852,******7852,,11428.22,FINANZAS,Retiro efectivo,CORREGIR,descripción mezclada con el renglón vecino: 0805260TDC HSBC MAYO
BBVA_DEB,2127,2026-05-23,1655.00,MOVIMIENTO_INTERNO,SPEI ENVIADO HSBC,PAGO_TDC,,,,,,,,SOBRA_EN_APP,no aparece en el PDF; posible duplicado de id 2113
BBVA_DEB,2124,2026-05-25,2000.00,INGRESO,FIBRA HOTELERA SC RETIRO SIN TARJETA ******7852,PRESTAMOS,GASTO,RETIRO SIN TARJETA | Referencia ******7852,******7852,,4179.26,FINANZAS,Retiro efectivo,CORREGIR,dirección: la app lo tiene como INGRESO y en el PDF es cargo; descripción mezclada con el renglón vecino: FIBRA HOTELERA SC
BBVA_DEB,2274,2026-06-15,1272.00,MOVIMIENTO_INTERNO,SPEI ENVIADO INVEX,PAGO_TDC,,,,,,,,SOBRA_EN_APP,no aparece en el PDF; posible duplicado de id 2249
BBVA_DEB,2242,2026-06-22,1000.00,GASTO,PAGO CUENTA DE TERCERO,SALUD/Consultas,INGRESO,PAGO CUENTA DE TERCERO | BNET …3042 p Referencia 0042650797,0042650797,…3042,3544.67,,,CORREGIR,dirección: la app lo tiene como GASTO y en el PDF es abono
BBVA_DEB,2272,2026-06-27,358.00,GASTO,PAGO CUENTA DE TERCERO BNET FRESKO,SUPER/Súper,INGRESO,PAGO CUENTA DE TERCERO | BNET …6197 Fresko 21 Jun Referencia 0098708872,0098708872,Gastos compartidos …6197,3702.67,FINANZAS,Reembolso compartido,CORREGIR,dirección: la app lo tiene como GASTO y en el PDF es abono
BBVA_DEB,2276,2026-07-01,129.00,GASTO,PAGO CUENTA DE TERCERO BNET FRESKO 28JUNIO,SUPER/Súper,INGRESO,PAGO CUENTA DE TERCERO | BNET …6197 Fresko 28Junio Referencia 0076842801,0076842801,Gastos compartidos …6197,,FINANZAS,Reembolso compartido,CORREGIR,dirección: la app lo tiene como GASTO y en el PDF es abono
BBVA_DEB,,2026-07-02,100.00,,,,GASTO,SPEI ENVIADO BANAMEX | 0506260arbitraje gio Referencia 0056726461 002 …3923 MBAN01002607020056726461 Nestor,0056726461,Nestor,12138.10,,,FALTA_EN_APP,
BBVA_DEB,2315,2026-07-02,100.00,GASTO,SPEI ENVIADO BANAMEX 002 0506260ARBITRAJE GIO,DEPORTE/Fútbol,GASTO,PAGO CUENTA DE TERCERO | BNET …9775 cooperacion gio Referencia 0021705456,0021705456,…9775,,,,CORREGIR,descripción mezclada con el renglón vecino: 002 0506260ARBITRAJE BANAMEX ENVIADO
BBVA_DEB,2314,2026-07-04,100.00,GASTO,JULIO GIO RETIRO SIN TARJETA ******7852,COMIDA_FUERA/Restaurante,GASTO,RETIRO SIN TARJETA | Referencia ******7852,******7852,,12038.10,FINANZAS,Retiro efectivo,CORREGIR,descripción mezclada con el renglón vecino: GIO JULIO
BBVA_DEB,2306,2026-07-11,3400.00,GASTO,CORNELIO RETIRO SIN TARJETA ******7852,FINANZAS/Retiro efectivo,GASTO,RETIRO SIN TARJETA | Referencia ******7852,******7852,,,FINANZAS,Retiro efectivo,CORREGIR,descripción mezclada con el renglón vecino: CORNELIO
BBVA_DEB,2303,2026-07-15,1044.50,INGRESO,PAGO CUENTA DE TERCERO BNET EXPENSE PAGO,FINANZAS/Reembolsable,GASTO,PAGO CUENTA DE TERCERO | BNET …3540 expense pago Referencia 0018714454,0018714454,…3540,10434.70,,,CORREGIR,dirección: la app lo tiene como INGRESO y en el PDF es cargo
BBVA_DEB,2375,2026-07-18,5500.00,INVERSION,601 2206260INVERSION GIO RETIRO SIN TARJETA QR ******7852,OTRO/APORTACION,GASTO,RETIRO SIN TARJETA QR | Referencia ******7852,******7852,,55244.70,FINANZAS,Retiro efectivo,CORREGIR,descripción mezclada con el renglón vecino: 2206260INVERSION 601 GIO
BBVA_DEB,2390,2026-07-30,500.00,INGRESO,FIBRA HOTELERA SC RETIRO SIN TARJETA ******7852,FINANZAS/Reembolso compartido,GASTO,RETIRO SIN TARJETA | Referencia ******7852,******7852,,,FINANZAS,Retiro efectivo,CORREGIR,dirección: la app lo tiene como INGRESO y en el PDF es cargo; descripción mezclada con el renglón vecino: FIBRA HOTELERA SC
BBVA_DEB,2435,2026-08-07,290.00,GASTO,SPEI ENVIADO BANAMEX 002 2206260ARBITRAJE GIO,DEPORTE/Fútbol,,,,,,,,SOBRA_EN_APP,no aparece en el PDF; posible duplicado de id 2436
BBVA_DEB,2427,2026-08-12,100.00,GASTO,PAGO CUENTA DE TERCERO BNET ESTACIONAMIENTO,TRANSPORTE/Gasolina,,,,,,,,SOBRA_EN_APP,"no aparece en el PDF; posible duplicado de id 2421,2428"
BBVA_DEB,2534,2026-08-26,200.00,GASTO,BNET PRSTAMO RETIRO SIN TARJETA QR ******7852,COMIDA_FUERA/Restaurante,GASTO,RETIRO SIN TARJETA QR | Referencia ******7852,******7852,,10957.16,FINANZAS,Retiro efectivo,CORREGIR,descripción mezclada con el renglón vecino: PRSTAMO
BBVA_DEB,,2026-08-31,1569.00,,,,GASTO,PAGO CUENTA DE TERCERO | BNET …3540 pago expense de gi Referencia 0010518936,0010518936,…3540,19783.35,,,FALTA_EN_APP,
BBVA_DEB,2574,2026-09-09,17963.43,MOVIMIENTO_INTERNO,PAGO TARJETA DE CREDITO,PAGO_TDC,,,,,,,,SOBRA_EN_APP,no aparece en el PDF; posible duplicado de id 3971
BBVA_DEB,5483,2026-09-29,10507.58,INGRESO,PAGO DE NOMINA HH FIBRA HOTELERA SC,NOMINA/Pago nominal,,,,,,,,DUDA,sin PDF que cubra esta fecha (posterior al último estado/exportación)
BBVA_DEB,5482,2026-09-30,500.00,GASTO,PAGO CUENTA DE TERCERO BNET REGALO CUMPLE JUDI,FAMILIA_REGALOS/Regalos,,,,,,,,DUDA,sin PDF que cubra esta fecha (posterior al último estado/exportación)
BBVA_TDC,,2022-01-03,403.70,,,,GASTO,A TODA SALSA [COMPRA],,,,,,FALTA_EN_APP,la app no tiene movimientos de TDC antes de abr-2022
BBVA_TDC,,2022-01-22,292.00,,,,GASTO,02 DE 12 TIENDAS CHEDRAUI S TA [MSI 2 de 12] [MENSUALIDAD_MSI],,,,SUPER,Súper,FALTA_EN_APP,la app no tiene movimientos de TDC antes de abr-2022
BBVA_TDC,,2022-01-22,949.00,,,,GASTO,03 DE 12 SEGBBVA AUTOSEGURO VO [MSI 3 de 12] [MENSUALIDAD_MSI],,,,,,FALTA_EN_APP,la app no tiene movimientos de TDC antes de abr-2022
BBVA_TDC,,2022-01-31,200.00,,,,GASTO,ENERGIA DG [COMPRA],,,,,,FALTA_EN_APP,la app no tiene movimientos de TDC antes de abr-2022
BBVA_TDC,,2022-02-03,848.69,,,,GASTO,LAGUNAS MONTERO [COMPRA],,,,,,FALTA_EN_APP,la app no tiene movimientos de TDC antes de abr-2022
BBVA_TDC,,2022-02-08,4813.06,,,,INGRESO,BMOVIL.PAGO TDC [PAGO],,,,FINANZAS,Transferencia enviada,FALTA_EN_APP,la app no tiene movimientos de TDC antes de abr-2022
BBVA_TDC,,2022-02-10,372.00,,,,GASTO,A TODA SALSA [COMPRA],,,,,,FALTA_EN_APP,la app no tiene movimientos de TDC antes de abr-2022
BBVA_TDC,,2022-02-14,153.00,,,,GASTO,STARBUCKS PZA MALLORCA [COMPRA],,,,CAFE/PAN,Café,FALTA_EN_APP,la app no tiene movimientos de TDC antes de abr-2022
BBVA_TDC,,2022-02-16,295.00,,,,GASTO,PAST LUPITA BOLIO [COMPRA],,,,,,FALTA_EN_APP,la app no tiene movimientos de TDC antes de abr-2022
BBVA_TDC,,2022-02-22,292.00,,,,GASTO,03 DE 12 TIENDAS CHEDRAUI S TA [MSI 3 de 12] [MENSUALIDAD_MSI],,,,SUPER,Súper,FALTA_EN_APP,la app no tiene movimientos de TDC antes de abr-2022
BBVA_TDC,,2022-02-22,949.00,,,,GASTO,04 DE 12 SEGBBVA AUTOSEGURO VO [MSI 4 de 12] [MENSUALIDAD_MSI],,,,,,FALTA_EN_APP,la app no tiene movimientos de TDC antes de abr-2022
BBVA_TDC,,2022-02-23,833.06,,,,GASTO,ARCO Y RIO MOVIL [COMPRA],,,,,,FALTA_EN_APP,la app no tiene movimientos de TDC antes de abr-2022
BBVA_TDC,,2022-02-26,489.00,,,,GASTO,COSTCO VILLAHERMOSA [COMPRA],,,,SUPER,Súper,FALTA_EN_APP,la app no tiene movimientos de TDC antes de abr-2022
BBVA_TDC,,2022-03-01,84.00,,,,GASTO,STARBUCKS 94274 SE VIL [COMPRA],,,,CAFE/PAN,Café,FALTA_EN_APP,la app no tiene movimientos de TDC antes de abr-2022
BBVA_TDC,,2022-03-03,419.00,,,,GASTO,AUTOZONE 7287 [COMPRA],,,,,,FALTA_EN_APP,la app no tiene movimientos de TDC antes de abr-2022
BBVA_TDC,,2022-03-07,3109.69,,,,INGRESO,BMOVIL.PAGO TDC [PAGO],,,,FINANZAS,Transferencia enviada,FALTA_EN_APP,la app no tiene movimientos de TDC antes de abr-2022
BBVA_TDC,,2022-03-12,846.86,,,,GASTO,ARCO Y RIO MOVIL [COMPRA],,,,,,FALTA_EN_APP,la app no tiene movimientos de TDC antes de abr-2022
BBVA_TDC,,2022-03-14,1276.00,,,,GASTO,ADO WEB ACCERTIFY 2 [COMPRA],,,,,,FALTA_EN_APP,la app no tiene movimientos de TDC antes de abr-2022
BBVA_TDC,,2022-03-18,1500.00,,,,GASTO,HOTEL LUZAMI [COMPRA],,,,VIAJES,Hospedaje,FALTA_EN_APP,la app no tiene movimientos de TDC antes de abr-2022
BBVA_TDC,,2022-03-21,150.00,,,,GASTO,MERPAGO*LOSCUATES [COMPRA],,,,,,FALTA_EN_APP,la app no tiene movimientos de TDC antes de abr-2022
BBVA_TDC,,2022-03-22,292.00,,,,GASTO,04 DE 12 TIENDAS CHEDRAUI S TA [MSI 4 de 12] [MENSUALIDAD_MSI],,,,SUPER,Súper,FALTA_EN_APP,la app no tiene movimientos de TDC antes de abr-2022
BBVA_TDC,,2022-03-22,949.00,,,,GASTO,05 DE 12 SEGBBVA AUTOSEGURO VO [MSI 5 de 12] [MENSUALIDAD_MSI],,,,,,FALTA_EN_APP,la app no tiene movimientos de TDC antes de abr-2022
BBVA_TDC,5,2022-04-10,6838.92,MOVIMIENTO_INTERNO,BMOVIL.PAGO TDC,PAGO_TDC,INGRESO,BMOVIL.PAGO TDC [PAGO],,,,FINANZAS,Transferencia enviada,CORREGIR,dirección: en la app el monto es positivo (cargo) (MOVIMIENTO_INTERNO) y en el PDF es abono
BBVA_TDC,,2022-04-22,949.00,,,,GASTO,06 DE 12 SEGBBVA AUTOSEGURO VO [MSI 6 de 12] [MENSUALIDAD_MSI],,,,,,FALTA_EN_APP,
BBVA_TDC,13,2022-05-10,2748.00,MOVIMIENTO_INTERNO,BMOVIL.PAGO TDC,PAGO_TDC,INGRESO,BMOVIL.PAGO TDC [PAGO],,,,FINANZAS,Transferencia enviada,CORREGIR,dirección: en la app el monto es positivo (cargo) (MOVIMIENTO_INTERNO) y en el PDF es abono
BBVA_TDC,,2022-07-01,180.00,,,,GASTO,ESTAMPACION / POR EVENTO | (sección comisiones) [COMISION],,,,COSTOS_FINANCIEROS,Comisiones,FALTA_EN_APP,
BBVA_TDC,,2022-07-22,115.24,,,,GASTO,INTERESES ORDINARIOS | (del resumen del estado) [INTERES],,,,COSTOS_FINANCIEROS,Intereses,FALTA_EN_APP,
BBVA_TDC,,2022-07-22,44.17,,,,GASTO,IVA INTERESES/COMISIONES | (del resumen del estado) [IVA],,,,COSTOS_FINANCIEROS,,FALTA_EN_APP,
BBVA_TDC,,2022-08-22,155.15,,,,GASTO,INTERESES ORDINARIOS | (del resumen del estado) [INTERES],,,,COSTOS_FINANCIEROS,Intereses,FALTA_EN_APP,
BBVA_TDC,,2022-08-22,21.70,,,,GASTO,IVA INTERESES/COMISIONES | (del resumen del estado) [IVA],,,,COSTOS_FINANCIEROS,,FALTA_EN_APP,
BBVA_TDC,,2022-10-21,418.00,,,,GASTO,GASTOS DE COBRANZA 2022-10-13 | (sección comisiones) [COMISION],,,,COSTOS_FINANCIEROS,Comisiones,FALTA_EN_APP,
BBVA_TDC,,2022-10-22,662.59,,,,GASTO,INTERESES ORDINARIOS | (del resumen del estado) [INTERES],,,,COSTOS_FINANCIEROS,Intereses,FALTA_EN_APP,
BBVA_TDC,,2022-10-22,161.96,,,,GASTO,IVA INTERESES/COMISIONES | (del resumen del estado) [IVA],,,,COSTOS_FINANCIEROS,,FALTA_EN_APP,
BBVA_TDC,18,2022-11-19,1167.00,PAGO,PAGO REF 20999,ROPA/Ropa,,,,,,,,SOBRA_EN_APP,no aparece en el PDF; posible duplicado de id 4794
BBVA_TDC,,2022-11-23,1076.00,,,,GASTO,ANUALIDAD 12 MESES | (sección comisiones) [COMISION],,,,COSTOS_FINANCIEROS,Comisiones,FALTA_EN_APP,
BBVA_TDC,,2022-12-22,358.66,,,,GASTO,01 DE 03 ANUALIDAD [MSI 1 de 3] [MENSUALIDAD_MSI],,,,,,FALTA_EN_APP,
BBVA_TDC,,2022-12-22,172.16,,,,GASTO,IVA INTERESES/COMISIONES | (del resumen del estado) [IVA],,,,COSTOS_FINANCIEROS,,FALTA_EN_APP,
BBVA_TDC,19,2023-03-08,917.00,PAGO,PAGO REF 10999,FINANZAS/Pago servicios,,,,,,,,SOBRA_EN_APP,no aparece en el PDF
BBVA_TDC,20,2023-04-17,359.00,PAGO,PAGO REF 4308,SALSA,,,,,,,,SOBRA_EN_APP,no aparece en el PDF
BBVA_TDC,38,2023-10-03,433.40,GASTO,GHT 190820QQ7,COMIDA_FUERA/Restaurante,GASTO,LAS HIJAS DE LA TOSTAD [COMPRA],,,,,,CORREGIR,la app guardó el RFC del comercio en lugar del nombre
BBVA_TDC,40,2023-10-04,11677.85,MOVIMIENTO_INTERNO,BMOVIL.PAGO TDC,PAGO_TDC,INGRESO,BMOVIL.PAGO TDC [PAGO],,,,FINANZAS,Transferencia enviada,CORREGIR,dirección: en la app el monto es positivo (cargo) (MOVIMIENTO_INTERNO) y en el PDF es abono
BBVA_TDC,43,2023-10-05,520.00,GASTO,LACI6501276K1,EXPENSE,GASTO,PAST MARISA ITALIA PRO [COMPRA],,,,,,CORREGIR,la app guardó el RFC del comercio en lugar del nombre
BBVA_TDC,,2023-10-07,65.00,,,,GASTO,DISP EN EFEC / MES ACTUAL | (sección comisiones) [COMISION],,,,COSTOS_FINANCIEROS,Comisiones,FALTA_EN_APP,
BBVA_TDC,48,2023-10-07,200.00,GASTO,FMI 130426L65,COMIDA_FUERA/Restaurante,GASTO,GAS FLORENCIA 1000 [COMPRA],,,,,,CORREGIR,la app guardó el RFC del comercio en lugar del nombre
BBVA_TDC,52,2023-10-08,135.00,GASTO,BLI 120726UF6,COMIDA_FUERA/Restaurante,GASTO,CLIPMX*AGREGADOR [COMPRA],,,,,,CORREGIR,la app guardó el RFC del comercio en lugar del nombre
BBVA_TDC,56,2023-10-09,203.58,GASTO,CCI 160314Q40,COMIDA_FUERA/Restaurante,GASTO,ROYALTON SPLASH CUN [COMPRA],,,,,,CORREGIR,la app guardó el RFC del comercio en lugar del nombre
BBVA_TDC,57,2023-10-09,630.00,GASTO,MAG 2105031W3,TRANSPORTE/Taxi/apps,GASTO,POINTMP*CANCUN [COMPRA],,,,,,CORREGIR,la app guardó el RFC del comercio en lugar del nombre
BBVA_TDC,60,2023-10-12,1050.00,GASTO,MAG 2105031W3,TRANSPORTE/Taxi/apps,GASTO,POINTMP*TAXIDRIVER [COMPRA],,,,,,CORREGIR,la app guardó el RFC del comercio en lugar del nombre
BBVA_TDC,62,2023-10-13,365.00,GASTO,LACI6501276K1,EXPENSE,GASTO,PAST MARISA ITALIA PRO [COMPRA],,,,,,CORREGIR,la app guardó el RFC del comercio en lugar del nombre
BBVA_TDC,66,2023-10-15,88.00,GASTO,APG 210521UQ1,SUPER/Súper,GASTO,TRE BLE [COMPRA],,,,,,CORREGIR,la app guardó el RFC del comercio en lugar del nombre
BBVA_TDC,68,2023-10-15,569.00,PAGO,PAGO REF 7395,VIVIENDA,,,,,,,,SOBRA_EN_APP,no aparece en el PDF
BBVA_TDC,73,2023-10-19,365.00,GASTO,LACI6501276K1,EXPENSE,GASTO,PAST MARISA ITALIA PRO [COMPRA],,,,,,CORREGIR,la app guardó el RFC del comercio en lugar del nombre
BBVA_TDC,,2023-10-22,29.56,,,,GASTO,INTERESES ORDINARIOS | (del resumen del estado) [INTERES],,,,COSTOS_FINANCIEROS,Intereses,FALTA_EN_APP,
BBVA_TDC,,2023-10-22,14.98,,,,GASTO,IVA INTERESES/COMISIONES | (del resumen del estado) [IVA],,,,COSTOS_FINANCIEROS,,FALTA_EN_APP,
BBVA_TDC,79,2023-10-24,300.00,MOVIMIENTO_INTERNO,BMOVIL.PAGO TDC,PAGO_TDC,INGRESO,BMOVIL.PAGO TDC [PAGO],,,,FINANZAS,Transferencia enviada,CORREGIR,dirección: en la app el monto es positivo (cargo) (MOVIMIENTO_INTERNO) y en el PDF es abono
BBVA_TDC,80,2023-10-24,1000.00,MOVIMIENTO_INTERNO,BMOVIL.PAGO TDC (2),PAGO_TDC,INGRESO,BMOVIL.PAGO TDC [PAGO],,,,FINANZAS,Transferencia enviada,CORREGIR,dirección: en la app el monto es positivo (cargo) (MOVIMIENTO_INTERNO) y en el PDF es abono
BBVA_TDC,86,2023-10-30,20000.00,MOVIMIENTO_INTERNO,BMOVIL.PAGO TDC,PAGO_TDC,INGRESO,BMOVIL.PAGO TDC [PAGO],,,,FINANZAS,Transferencia enviada,CORREGIR,dirección: en la app el monto es positivo (cargo) (MOVIMIENTO_INTERNO) y en el PDF es abono
BBVA_TDC,97,2023-11-07,100.00,GASTO,MGA 060309HX1,COMIDA_FUERA/Restaurante,GASTO,NETPAY *SERV COUNTRY [COMPRA],,,,,,CORREGIR,la app guardó el RFC del comercio en lugar del nombre
BBVA_TDC,99,2023-11-08,299.00,GASTO,AME 970109GW0,SALSA/Clases,GASTO,AUTOZONE 7232 [COMPRA],,,,,,CORREGIR,la app guardó el RFC del comercio en lugar del nombre
BBVA_TDC,110,2023-11-11,200.00,GASTO,MGA 060309HX1,COMIDA_FUERA/Restaurante,GASTO,NETPAY *SERV COUNTRY [COMPRA],,,,,,CORREGIR,la app guardó el RFC del comercio en lugar del nombre
BBVA_TDC,114,2023-11-12,103.90,GASTO,CCF 121101KQ4,SUPER/Súper,GASTO,FRESKO MIDTOWN [COMPRA],,,,SUPER,Súper,CORREGIR,la app guardó el RFC del comercio en lugar del nombre
BBVA_TDC,115,2023-11-12,31.00,GASTO,CCO 8605231N4,SUPER/Súper,GASTO,OXXO PANAMERICANA [COMPRA],,,,SUPER,Conveniencia,CORREGIR,la app guardó el RFC del comercio en lugar del nombre
BBVA_TDC,126,2023-11-18,200.00,GASTO,CCE 090505CXA,SALSA/Clases,GASTO,GAS COMBUSTI CENTAURO [COMPRA],,,,,,CORREGIR,la app guardó el RFC del comercio en lugar del nombre
BBVA_TDC,128,2023-11-18,367.40,GASTO,GOPJ880421M40,COMIDA_FUERA/Restaurante,GASTO,ZUMA*BEER GALLERY [COMPRA],,,,,,CORREGIR,la app guardó el RFC del comercio en lugar del nombre
BBVA_TDC,129,2023-11-18,140.00,GASTO,LOR 130920Q24,COMIDA_FUERA/Restaurante,GASTO,QIN PLAZA PATRIA [COMPRA],,,,,,CORREGIR,la app guardó el RFC del comercio en lugar del nombre
BBVA_TDC,132,2023-11-19,48.00,GASTO,APG 210521UQ1,SUPER/Súper,GASTO,TRE BLE [COMPRA],,,,,,CORREGIR,la app guardó el RFC del comercio en lugar del nombre
BBVA_TDC,134,2023-11-20,10.50,MOVIMIENTO_INTERNO,DLI 931201MI9,PAGO_TDC,GASTO,LIVERPOOL GUADALAJARA [COMPRA],,,,,,CORREGIR,la app guardó el RFC del comercio en lugar del nombre
BBVA_TDC,,2023-11-22,38.79,,,,GASTO,INTERESES ORDINARIOS | (del resumen del estado) [INTERES],,,,COSTOS_FINANCIEROS,Intereses,FALTA_EN_APP,
BBVA_TDC,,2023-11-22,5.79,,,,GASTO,IVA INTERESES/COMISIONES | (del resumen del estado) [IVA],,,,COSTOS_FINANCIEROS,,FALTA_EN_APP,
BBVA_TDC,,2023-11-23,1151.00,,,,GASTO,ANUALIDAD 12 MESES | (sección comisiones) [COMISION],,,,COSTOS_FINANCIEROS,Comisiones,FALTA_EN_APP,
BBVA_TDC,162,2023-12-06,30.00,GASTO,CCO 8605231N4,SUPER/Súper,GASTO,OXXOMIL 500 GDL [COMPRA],,,,SUPER,Conveniencia,CORREGIR,la app guardó el RFC del comercio en lugar del nombre
BBVA_TDC,164,2023-12-07,57.00,GASTO,CCO 8605231N4,SUPER/Súper,GASTO,OXXOMIL 500 GDL [COMPRA],,,,SUPER,Conveniencia,CORREGIR,la app guardó el RFC del comercio en lugar del nombre
BBVA_TDC,165,2023-12-07,70.00,GASTO,COUC7003167Q9,COMIDA_FUERA/Restaurante,GASTO,QUEEN LATIN CLUB [COMPRA],,,,,,CORREGIR,la app guardó el RFC del comercio en lugar del nombre
BBVA_TDC,168,2023-12-08,200.00,GASTO,CMA 120606QG1,SALSA/Clases,GASTO,NETPAY *SERV STA FILOM [COMPRA],,,,,,CORREGIR,la app guardó el RFC del comercio en lugar del nombre
BBVA_TDC,170,2023-12-09,129.00,GASTO,BLI 120726UF6,COMIDA_FUERA/Restaurante,GASTO,CLIPMX*AGREGADOR [COMPRA],,,,,,CORREGIR,la app guardó el RFC del comercio en lugar del nombre
BBVA_TDC,172,2023-12-10,715.00,GASTO,LAMH910206RY5,COMIDA_FUERA/Restaurante,GASTO,SEM PAN CAFE [COMPRA],,,,,,CORREGIR,la app guardó el RFC del comercio en lugar del nombre
BBVA_TDC,174,2023-12-12,410.00,GASTO,LACI6501276K1,EXPENSE,GASTO,PAST MARISA ITALIA PRO [COMPRA],,,,,,CORREGIR,la app guardó el RFC del comercio en lugar del nombre
BBVA_TDC,176,2023-12-13,85.00,GASTO,OPM 150323DI1,COMIDA_FUERA/Restaurante,GASTO,ZTL*ARTISTASDELGELATOS [COMPRA],,,,,,CORREGIR,la app guardó el RFC del comercio en lugar del nombre
BBVA_TDC,178,2023-12-14,468.02,GASTO,NWM 9709244W4,SUPER/Súper,GASTO,WAL MART AVILA CAMACHO [COMPRA],,,,SUPER,Súper,CORREGIR,la app guardó el RFC del comercio en lugar del nombre
BBVA_TDC,179,2023-12-14,31.20,GASTO,ODM 950324V2A,EXPENSE,GASTO,OFFICE DEPOT AMERICAS [COMPRA],,,,,,CORREGIR,la app guardó el RFC del comercio en lugar del nombre
BBVA_TDC,183,2023-12-17,300.00,GASTO,MGA 060309HX1,COMIDA_FUERA/Restaurante,GASTO,NETPAY *SERV COUNTRY [COMPRA],,,,,,CORREGIR,la app guardó el RFC del comercio en lugar del nombre
BBVA_TDC,187,2023-12-19,435.00,GASTO,BLI 120726UF6,COMIDA_FUERA/Restaurante,GASTO,CLIPMX*AGREGADOR [COMPRA],,,,,,CORREGIR,la app guardó el RFC del comercio en lugar del nombre
BBVA_TDC,189,2023-12-20,334.00,GASTO,HAM 111006K69,ROPA/Ropa,GASTO,HM MX0060 MIDTOWN JAL [COMPRA],,,,,,CORREGIR,la app guardó el RFC del comercio en lugar del nombre
BBVA_TDC,193,2023-12-21,216.00,GASTO,APG 210521UQ1,SUPER/Súper,GASTO,TRE BLE [COMPRA],,,,,,CORREGIR,la app guardó el RFC del comercio en lugar del nombre
BBVA_TDC,194,2023-12-21,396.00,GASTO,ODM 950324V2A,EXPENSE,GASTO,OFFICE DEPOT AMERICAS [COMPRA],,,,,,CORREGIR,la app guardó el RFC del comercio en lugar del nombre
BBVA_TDC,,2023-12-22,383.66,,,,GASTO,01 DE 03 ANUALIDAD [MSI 1 de 3] [MENSUALIDAD_MSI],,,,,,FALTA_EN_APP,
BBVA_TDC,,2023-12-22,184.16,,,,GASTO,IVA INTERESES/COMISIONES | (del resumen del estado) [IVA],,,,COSTOS_FINANCIEROS,,FALTA_EN_APP,
BBVA_TDC,197,2023-12-22,0.00,GASTO,02 DE 09 LIVERPOOL GUADALAJARA,ROPA/Ropa,,,,,,,,SOBRA_EN_APP,monto 0.00 en la app; no aparece en el PDF
BBVA_TDC,205,2023-12-27,184.16,INGRESO,ABONO IVA CUOTA ANUAL,COMIDA_FUERA/Restaurante,INGRESO,ABONO IVA CUOTA ANUAL [DEVOLUCION/ABONO],,,,,,CORREGIR,dirección: en la app el monto es positivo (cargo) (INGRESO) y en el PDF es abono
BBVA_TDC,209,2023-12-27,1151.00,INGRESO,FELICIDADES ABONO CUOTA ANUAL,FAMILIA_REGALOS,INGRESO,FELICIDADES ABONO CUOTA ANUAL [DEVOLUCION/ABONO],,,,,,CORREGIR,dirección: en la app el monto es positivo (cargo) (INGRESO) y en el PDF es abono
BBVA_TDC,224,2023-12-30,172.00,GASTO,CCO 8605231N4,SUPER/Súper,GASTO,OXXO IRABIEN VSA [COMPRA],,,,SUPER,Conveniencia,CORREGIR,la app guardó el RFC del comercio en lugar del nombre
BBVA_TDC,226,2023-12-31,1034.00,GASTO,GCP 831026IGA,CAFE/PAN/Café,GASTO,REST GRAN CAFE LA PARR [COMPRA],,,,,,CORREGIR,la app guardó el RFC del comercio en lugar del nombre
BBVA_TDC,227,2023-12-31,30.00,GASTO,GOPD670614TJ2,SUPER/Súper,GASTO,TIENDA NATURISTA SALUD [COMPRA],,,,,,CORREGIR,la app guardó el RFC del comercio en lugar del nombre
BBVA_TDC,230,2024-01-03,692.80,GASTO,CFC 110121742,SALUD/Farmacia,GASTO,F AHORRO GDPN PABLO NE [COMPRA],,,,,,CORREGIR,la app guardó el RFC del comercio en lugar del nombre
BBVA_TDC,232,2024-01-03,400.00,GASTO,MGA 060309HX1,COMIDA_FUERA/Restaurante,GASTO,NETPAY *SERV COUNTRY [COMPRA],,,,,,CORREGIR,la app guardó el RFC del comercio en lugar del nombre
BBVA_TDC,234,2024-01-04,19.60,GASTO,ODM 950324V2A,EXPENSE,GASTO,OFFICE DEPOT AMERICAS [COMPRA],,,,,,CORREGIR,la app guardó el RFC del comercio en lugar del nombre
BBVA_TDC,236,2024-01-07,30.00,GASTO,CCO 8605231N4,SUPER/Súper,GASTO,OXXO PANAMERICANA [COMPRA],,,,SUPER,Conveniencia,CORREGIR,la app guardó el RFC del comercio en lugar del nombre
BBVA_TDC,238,2024-01-08,33.00,GASTO,CNO 120203MZ5,SUPER/Súper,GASTO,FARMACIA SIMI SANMIGUE [COMPRA],,,,SALUD,Farmacia,CORREGIR,la app guardó el RFC del comercio en lugar del nombre
BBVA_TDC,240,2024-01-09,195.00,GASTO,APG 210521UQ1,SUPER/Súper,GASTO,TRE BLE [COMPRA],,,,,,CORREGIR,la app guardó el RFC del comercio en lugar del nombre
BBVA_TDC,253,2024-01-17,200.00,GASTO,MGA 060309HX1,COMIDA_FUERA/Restaurante,GASTO,NETPAY *SERV COUNTRY [COMPRA],,,,,,CORREGIR,la app guardó el RFC del comercio en lugar del nombre
BBVA_TDC,,2024-01-22,951.35,,,,GASTO,INTERESES ORDINARIOS | (del resumen del estado) [INTERES],,,,COSTOS_FINANCIEROS,Intereses,FALTA_EN_APP,
BBVA_TDC,,2024-01-22,128.76,,,,GASTO,IVA INTERESES/COMISIONES | (del resumen del estado) [IVA],,,,COSTOS_FINANCIEROS,,FALTA_EN_APP,
BBVA_TDC,256,2024-01-22,0.00,GASTO,03 DE 09 LIVERPOOL GUADALAJARA,ROPA/Ropa,,,,,,,,SOBRA_EN_APP,monto 0.00 en la app; no aparece en el PDF
BBVA_TDC,281,2024-02-10,79.00,GASTO,JODF681213RT6,COMIDA_FUERA/Restaurante,GASTO,KARNITAS LA TERRAZA [COMPRA],,,,,,CORREGIR,la app guardó el RFC del comercio en lugar del nombre
BBVA_TDC,283,2024-02-11,13864.43,MOVIMIENTO_INTERNO,BMOVIL.PAGO TDC,PAGO_TDC,INGRESO,BMOVIL.PAGO TDC [PAGO],,,,FINANZAS,Transferencia enviada,CORREGIR,dirección: en la app el monto es positivo (cargo) (MOVIMIENTO_INTERNO) y en el PDF es abono
BBVA_TDC,284,2024-02-11,300.00,GASTO,MGA 060309HX1,COMIDA_FUERA/Restaurante,GASTO,NETPAY *SERV COUNTRY [COMPRA],,,,,,CORREGIR,la app guardó el RFC del comercio en lugar del nombre
BBVA_TDC,290,2024-02-14,36.00,GASTO,NWM 9709244W4,SUPER/Súper,GASTO,WAL MART AVILA CAMACHO [COMPRA],,,,SUPER,Súper,CORREGIR,la app guardó el RFC del comercio en lugar del nombre
BBVA_TDC,298,2024-02-18,418.00,GASTO,MAG 2105031W3,TRANSPORTE/Taxi/apps,GASTO,MERPAGO*CREPASTERRAN [COMPRA],,,,,,CORREGIR,la app guardó el RFC del comercio en lugar del nombre
BBVA_TDC,305,2024-02-22,0.00,GASTO,04 DE 09 LIVERPOOL GUADALAJARA,ROPA/Ropa,,,,,,,,SOBRA_EN_APP,monto 0.00 en la app; no aparece en el PDF
BBVA_TDC,333,2024-03-09,48.00,GASTO,APG 210521UQ1,SUPER/Súper,GASTO,TRE BLE [COMPRA],,,,,,CORREGIR,la app guardó el RFC del comercio en lugar del nombre
BBVA_TDC,334,2024-03-09,299.00,PAGO,APPLE.COM/BILL,FINANZAS/Pago servicios,INGRESO,APPLE.COM/BILL [DEVOLUCION/ABONO],,,,,,CORREGIR,dirección: en la app el monto es positivo (cargo) (PAGO) y en el PDF es abono
BBVA_TDC,335,2024-03-09,400.00,GASTO,MGA 060309HX1,COMIDA_FUERA/Restaurante,GASTO,SERV COUNTRY [COMPRA],,,,,,CORREGIR,la app guardó el RFC del comercio en lugar del nombre
BBVA_TDC,344,2024-03-14,263.86,GASTO,NWM 9709244W4,SUPER/Súper,GASTO,WAL MART AVILA CAMACHO [COMPRA],,,,SUPER,Súper,CORREGIR,la app guardó el RFC del comercio en lugar del nombre
BBVA_TDC,349,2024-03-18,566.50,GASTO,TPM 230517SF4,EXPENSE,GASTO,TWIN PEAKS MIDTOWN GDL [COMPRA],,,,,,CORREGIR,la app guardó el RFC del comercio en lugar del nombre
BBVA_TDC,356,2024-03-22,0.00,GASTO,05 DE 09 LIVERPOOL GUADALAJARA,ROPA/Ropa,,,,,,,,SOBRA_EN_APP,monto 0.00 en la app; no aparece en el PDF
BBVA_TDC,381,2024-04-06,247.50,GASTO,PAAA771213QA0,COMIDA_FUERA/Restaurante,GASTO,REST CUBIL LATINO [COMPRA],,,,,,CORREGIR,la app guardó el RFC del comercio en lugar del nombre
BBVA_TDC,390,2024-04-11,2749.60,MOVIMIENTO_INTERNO,BMOVIL.PAGO TDC,PAGO_TDC,INGRESO,BMOVIL.PAGO TDC [PAGO],,,,FINANZAS,Transferencia enviada,CORREGIR,dirección: en la app el monto es positivo (cargo) (MOVIMIENTO_INTERNO) y en el PDF es abono
BBVA_TDC,391,2024-04-11,167.50,GASTO,CCF 121101KQ4,SUPER/Súper,GASTO,FRESKO MIDTOWN [COMPRA],,,,SUPER,Súper,CORREGIR,la app guardó el RFC del comercio en lugar del nombre
BBVA_TDC,393,2024-04-12,413.00,GASTO,FAR 1306241F9,SALUD/Consultas,GASTO,FARMASAL COUNTRY [COMPRA],,,,,,CORREGIR,la app guardó el RFC del comercio en lugar del nombre
BBVA_TDC,398,2024-04-13,119.28,GASTO,CCF 121101KQ4,SUPER/Súper,GASTO,FRESKO MIDTOWN [COMPRA],,,,SUPER,Súper,CORREGIR,la app guardó el RFC del comercio en lugar del nombre
BBVA_TDC,402,2024-04-13,400.00,GASTO,MGA 060309HX1,COMIDA_FUERA/Restaurante,GASTO,SERV COUNTRY [COMPRA],,,,,,CORREGIR,la app guardó el RFC del comercio en lugar del nombre
BBVA_TDC,403,2024-04-13,335.50,GASTO,PAAA771213QA0,COMIDA_FUERA/Restaurante,GASTO,REST CUBIL LATINO [COMPRA],,,,,,CORREGIR,la app guardó el RFC del comercio en lugar del nombre
BBVA_TDC,409,2024-04-14,1096.70,GASTO,PPC 131206H21,SALUD/Consultas,GASTO,REST PERLA PACIFICO [COMPRA],,,,,,CORREGIR,la app guardó el RFC del comercio en lugar del nombre
BBVA_TDC,412,2024-04-15,84.00,GASTO,LACI6501276K1,EXPENSE,GASTO,PAN DOLCE MIDTOWN [COMPRA],,,,,,CORREGIR,la app guardó el RFC del comercio en lugar del nombre
BBVA_TDC,416,2024-04-16,0.00,GASTO,CFI 170509PM9,DEPORTE/Gym,,,,,,,,SOBRA_EN_APP,monto 0.00 en la app; no aparece en el PDF
BBVA_TDC,,2024-05-25,26.00,,,,GASTO,DISP EN EFEC / MES ACTUAL | (sección comisiones) [COMISION],,,,COSTOS_FINANCIEROS,Comisiones,FALTA_EN_APP,
BBVA_TDC,,2024-06-22,21.34,,,,GASTO,INTERESES ORDINARIOS | (del resumen del estado) [INTERES],,,,COSTOS_FINANCIEROS,Intereses,FALTA_EN_APP,
BBVA_TDC,,2024-06-22,7.78,,,,GASTO,IVA INTERESES/COMISIONES | (del resumen del estado) [IVA],,,,COSTOS_FINANCIEROS,,FALTA_EN_APP,
BBVA_TDC,,2024-07-14,19.50,,,,GASTO,DISP EN EFEC / MES ACTUAL | (sección comisiones) [COMISION],,,,COSTOS_FINANCIEROS,Comisiones,FALTA_EN_APP,
BBVA_TDC,,2024-07-22,19.53,,,,GASTO,INTERESES DEL PERIODO | (del resumen del estado) [INTERES],,,,COSTOS_FINANCIEROS,Intereses,FALTA_EN_APP,
BBVA_TDC,,2024-07-22,5.91,,,,GASTO,IVA DE INTERESES Y COMISIONES | (del resumen del estado) [IVA],,,,COSTOS_FINANCIEROS,,FALTA_EN_APP,
BBVA_TDC,471,2024-07-22,0.00,GASTO,LIVERPOOL GUADALAJARA,ROPA/Ropa,,,,,,,,SOBRA_EN_APP,monto 0.00 en la app; no aparece en el PDF
BBVA_TDC,,2024-07-28,99.00,,,,GASTO,AMAZON PRIME [COMPRA],,,,DIGITAL,Suscripciones entretenimiento,FALTA_EN_APP,
BBVA_TDC,481,2024-07-28,99.00,GASTO,AMAZON PRIME,DIGITAL/Suscripciones entretenimiento,GASTO,BURGER KING AVILA C [COMPRA],,,,,,DUDA,la descripción de la app no comparte palabras con la del banco
BBVA_TDC,,2024-08-22,11.33,,,,GASTO,INTERESES DEL PERIODO | (del resumen del estado) [INTERES],,,,COSTOS_FINANCIEROS,Intereses,FALTA_EN_APP,
BBVA_TDC,,2024-08-22,1.52,,,,GASTO,IVA DE INTERESES Y COMISIONES | (del resumen del estado) [IVA],,,,COSTOS_FINANCIEROS,,FALTA_EN_APP,
BBVA_TDC,940,2025-04-22,0.00,GASTO,LIVERPOOL ZAPOPAN,ROPA/Ropa,,,,,,,,SOBRA_EN_APP,monto 0.00 en la app; no aparece en el PDF
BBVA_TDC,1011,2025-05-22,0.00,GASTO,LIVERPOOL ZAPOPAN,ROPA/Ropa,,,,,,,,SOBRA_EN_APP,monto 0.00 en la app; no aparece en el PDF
BBVA_TDC,1066,2025-06-22,0.00,GASTO,ELPALACIOHIERRO COM,ROPA/Ropa,,,,,,,,SOBRA_EN_APP,monto 0.00 en la app; no aparece en el PDF; posible duplicado de id 1067
BBVA_TDC,1067,2025-06-22,0.00,GASTO,LIVERPOOL ZAPOPAN,ROPA/Ropa,,,,,,,,SOBRA_EN_APP,monto 0.00 en la app; no aparece en el PDF; posible duplicado de id 1066
BBVA_TDC,1102,2025-07-06,8910.00,PAGO,"SHERATON MEXICO C CONCLUIDA, 8054954410",FINANZAS/Reembolsable,,,,,,,,SOBRA_EN_APP,no aparece en el PDF
BBVA_TDC,1137,2025-07-22,0.00,GASTO,ELPALACIOHIERRO COM,ROPA/Ropa,,,,,,,,SOBRA_EN_APP,monto 0.00 en la app; no aparece en el PDF; posible duplicado de id 1138
BBVA_TDC,1138,2025-07-22,0.00,GASTO,LIVERPOOL ZAPOPAN,ROPA/Ropa,,,,,,,,SOBRA_EN_APP,monto 0.00 en la app; no aparece en el PDF; posible duplicado de id 1137
BBVA_TDC,,2025-08-22,924.06,,,,GASTO,INTERESES DEL PERIODO | (del resumen del estado) [INTERES],,,,COSTOS_FINANCIEROS,Intereses,FALTA_EN_APP,
BBVA_TDC,,2025-08-22,202.41,,,,GASTO,IVA DE INTERESES Y COMISIONES | (del resumen del estado) [IVA],,,,COSTOS_FINANCIEROS,,FALTA_EN_APP,
BBVA_TDC,1202,2025-08-22,0.00,GASTO,ELPALACIOHIERRO COM,ROPA/Ropa,,,,,,,,SOBRA_EN_APP,monto 0.00 en la app; no aparece en el PDF; posible duplicado de id 1203
BBVA_TDC,1203,2025-08-22,0.00,GASTO,LIVERPOOL ZAPOPAN,ROPA/Ropa,,,,,,,,SOBRA_EN_APP,monto 0.00 en la app; no aparece en el PDF; posible duplicado de id 1202
BBVA_TDC,1276,2025-09-22,0.00,GASTO,ELPALACIOHIERRO COM,ROPA/Ropa,,,,,,,,SOBRA_EN_APP,monto 0.00 en la app; no aparece en el PDF; posible duplicado de id 1277
BBVA_TDC,1277,2025-09-22,0.00,GASTO,LIVERPOOL ZAPOPAN,ROPA/Ropa,,,,,,,,SOBRA_EN_APP,monto 0.00 en la app; no aparece en el PDF; posible duplicado de id 1276
BBVA_TDC,1306,2025-10-04,1037.50,GASTO,CRISTAL VILLAHERMOSA A 12 MSI,FINANZAS/Compra a meses,,,,,,,,SOBRA_EN_APP,no aparece en el PDF
BBVA_TDC,1351,2025-10-22,0.00,GASTO,ELPALACIOHIERRO COM,ROPA/Ropa,,,,,,,,SOBRA_EN_APP,monto 0.00 en la app; no aparece en el PDF
BBVA_TDC,,2025-11-10,2345.00,,,,GASTO,ELPALACIOHIERRO COM A 09 MSI ; Tarjeta Digital ***8114 [COMPRA_MSI_ORIGINAL],,,,,,DUDA,compra original a MSI: la app puede registrarla solo como mensualidades
BBVA_TDC,1406,2025-11-10,0.00,GASTO,ELPALACIOHIERRO COM A 09 MSI,FINANZAS/Compra a meses,,,,,,,,SOBRA_EN_APP,monto 0.00 en la app; no aparece en el PDF; posible duplicado de id 1416
BBVA_TDC,,2025-11-12,2345.00,,,,GASTO,ELPALACIOHIERRO COM A 09 MSI ; Tarjeta Digital ***8114 [COMPRA_MSI_ORIGINAL],,,,,,DUDA,compra original a MSI: la app puede registrarla solo como mensualidades
BBVA_TDC,1416,2025-11-12,0.00,GASTO,ELPALACIOHIERRO COM A 09 MSI,FINANZAS/Compra a meses,,,,,,,,SOBRA_EN_APP,monto 0.00 en la app; no aparece en el PDF; posible duplicado de id 1406
BBVA_TDC,1449,2025-11-22,0.00,GASTO,ELPALACIOHIERRO COM,ROPA/Ropa,,,,,,,,SOBRA_EN_APP,monto 0.00 en la app; no aparece en el PDF
BBVA_TDC,1658,2026-01-19,0.00,GASTO,LIVERPOOL ZAPOPAN,ROPA/Ropa,,,,,,,,SOBRA_EN_APP,monto 0.00 en la app; no aparece en el PDF
BBVA_TDC,2002,2026-04-22,0.00,GASTO,AMAZON MX A MESES,DIGITAL/Accesorios tech,,,,,,,,SOBRA_EN_APP,"monto 0.00 en la app; no aparece en el PDF; posible duplicado de id 2005,2004"
BBVA_TDC,2003,2026-04-22,248.00,GASTO,APP FOODS,COMIDA_FUERA/Delivery,,,,,,,,SOBRA_EN_APP,no aparece en el PDF; posible duplicado de id 2117
BBVA_TDC,2004,2026-04-22,0.00,GASTO,CRISTAL VILLAHERMOSA,FAMILIA_REGALOS/Anillo Cornelius,,,,,,,,SOBRA_EN_APP,"monto 0.00 en la app; no aparece en el PDF; posible duplicado de id 2005,2002"
BBVA_TDC,2005,2026-04-22,0.00,GASTO,WALMART VENTA EN LIN3,SUPER/Súper,,,,,,,,SOBRA_EN_APP,"monto 0.00 en la app; no aparece en el PDF; posible duplicado de id 2004,2002"
BBVA_TDC,2031,2026-04-29,389.70,GASTO,STEAMGAMES.COM 42,OCIO/Videojuegos,,,,,,,,SOBRA_EN_APP,no aparece en el PDF
BBVA_TDC,2033,2026-04-30,9300.00,MOVIMIENTO_INTERNO,BMOVIL.PAGO TDC,PAGO_TDC,INGRESO,"BMOVIL.PAGO TDC | IVA :$ 0.00 Interes: $ 0.00 Comisiones:$0.00 Capital:$9,300.00 Capital de promoción:$0.00 Pago excedente:$0.00 [PAGO]",,,,FINANZAS,Transferencia enviada,CORREGIR,dirección: en la app el monto es positivo (cargo) (MOVIMIENTO_INTERNO) y en el PDF es abono
BBVA_TDC,2053,2026-05-05,20.00,GASTO,AMAZONVALIDACION,DIGITAL/Accesorios tech,,,,,,,,SOBRA_EN_APP,no aparece en el PDF
BBVA_TDC,2071,2026-05-11,4323.45,MOVIMIENTO_INTERNO,BMOVIL.PAGO TDC,PAGO_TDC,INGRESO,"BMOVIL.PAGO TDC | IVA :$ 0.00 Interes: $ 0.00 Comisiones:$0.00 Capital:$4,323.45 Capital de promoción:$0.00 Pago excedente:$0.00 [PAGO]",,,,FINANZAS,Transferencia enviada,CORREGIR,dirección: en la app el monto es positivo (cargo) (MOVIMIENTO_INTERNO) y en el PDF es abono
BBVA_TDC,2072,2026-05-11,1094.00,GASTO,H&M,ROPA/Ropa,GASTO,HM [COMPRA],,,,,,DUDA,la descripción de la app no comparte palabras con la del banco
BBVA_TDC,2105,2026-05-21,124.00,GASTO,FACEBOOK MEXICO S,PROYECTOS/Publicidad,,,,,,,,SOBRA_EN_APP,no aparece en el PDF; posible duplicado de id 2189
BBVA_TDC,2112,2026-05-22,282.00,GASTO,WEB FOODS,OCIO/Cine,,,,,,,,SOBRA_EN_APP,no aparece en el PDF; posible duplicado de id 2190
BBVA_TDC,2465,2026-07-31,13439.86,MOVIMIENTO_INTERNO,BMOVIL.PAGO TDC,PAGO_TDC,INGRESO,"BMOVIL.PAGO TDC | IVA :$ 0.00 Interes: $ 0.00 Comisiones:$0.00 Capital:$13,439.86 Capital de promoción:$0.00 Pago excedente:$0.00 [PAGO]",,,,FINANZAS,Transferencia enviada,CORREGIR,dirección: en la app el monto es positivo (cargo) (MOVIMIENTO_INTERNO) y en el PDF es abono
BBVA_TDC,3246,2026-09-09,17963.43,MOVIMIENTO_INTERNO,BMOVIL.PAGO TDC,PAGO_TDC,INGRESO,BMOVIL.PAGO TDC [PAGO],,,,FINANZAS,Transferencia enviada,CORREGIR,dirección: en la app el monto es positivo (cargo) (MOVIMIENTO_INTERNO) y en el PDF es abono
